B00, 0
B01, 1
B01, Trade, 200.950, 55, B01, S01, 1
B02, 0
B03, 0
B04, 0
B05, 0
B06, 1
B06, Trade, 602.275, 79, B06, S01, 1
B07, 2
B07, Trade, 110.800, 73, B07, S01, 1
B07, Trade, 778.800, 81, S06, B07, 1
B08, 19
B08, Trade, 54.175, 92, B08, S05, 1
B08, Trade, 98.500, 92, S07, B08, 1
B08, Trade, 110.950, 80, S02, B08, 1
B08, Trade, 160.975, 81, S06, B08, 1
B08, Trade, 200.575, 92, B08, S05, 1
B08, Trade, 224.650, 92, B08, S06, 1
B08, Trade, 249.400, 81, S06, B08, 1
B08, Trade, 301.200, 89, S02, B08, 1
B08, Trade, 314.225, 92, B08, S01, 1
B08, Trade, 430.950, 92, B08, S01, 1
B08, Trade, 468.800, 92, B08, S06, 1
B08, Trade, 602.000, 92, B08, S06, 1
B08, Trade, 730.675, 92, B08, S01, 1
B08, Trade, 760.900, 92, B08, S06, 1
B08, Trade, 774.950, 92, B08, S06, 1
B08, Trade, 777.675, 92, B08, S01, 1
B08, Trade, 809.250, 92, B08, S06, 1
B08, Trade, 846.475, 92, B08, S01, 1
B08, Trade, 848.500, 92, B08, S01, 1
B09, 47
B09, Trade, 5.575, 93, B09, S01, 1
B09, Trade, 12.825, 97, B09, S06, 1
B09, Trade, 22.025, 97, B09, S07, 1
B09, Trade, 58.825, 88, B09, S06, 1
B09, Trade, 97.700, 97, B09, S06, 1
B09, Trade, 123.725, 97, B09, S06, 1
B09, Trade, 131.575, 93, S03, B09, 1
B09, Trade, 182.650, 97, B09, S05, 1
B09, Trade, 200.325, 97, B09, S06, 1
B09, Trade, 206.550, 97, B09, S01, 1
B09, Trade, 214.100, 97, B09, S05, 1
B09, Trade, 223.925, 97, B09, S07, 1
B09, Trade, 235.600, 97, B09, S07, 1
B09, Trade, 252.850, 97, B09, S01, 1
B09, Trade, 279.675, 79, B09, S01, 1
B09, Trade, 304.675, 97, B09, S01, 1
B09, Trade, 312.675, 97, B09, S05, 1
B09, Trade, 331.950, 97, B09, S01, 1
B09, Trade, 344.400, 97, B09, S06, 1
B09, Trade, 359.225, 97, B09, S06, 1
B09, Trade, 391.875, 97, B09, S01, 1
B09, Trade, 407.375, 97, B09, S07, 1
B09, Trade, 415.075, 97, B09, S06, 1
B09, Trade, 434.150, 96, B09, S01, 1
B09, Trade, 441.825, 97, B09, S06, 1
B09, Trade, 467.725, 95, S08, B09, 1
B09, Trade, 473.625, 95, B09, S01, 1
B09, Trade, 481.725, 97, B09, S01, 1
B09, Trade, 498.400, 97, B09, S06, 1
B09, Trade, 557.375, 93, B09, S06, 1
B09, Trade, 569.050, 97, B09, S01, 1
B09, Trade, 574.025, 97, B09, S07, 1
B09, Trade, 576.925, 93, B09, S01, 1
B09, Trade, 587.450, 97, B09, S06, 1
B09, Trade, 601.675, 97, B09, S05, 1
B09, Trade, 636.375, 94, B09, S06, 1
B09, Trade, 678.200, 97, B09, S06, 1
B09, Trade, 706.800, 97, B09, S05, 1
B09, Trade, 729.800, 97, B09, S06, 1
B09, Trade, 742.250, 97, B09, S01, 1
B09, Trade, 776.475, 96, B09, S08, 1
B09, Trade, 806.350, 97, B09, S07, 1
B09, Trade, 808.175, 95, B09, S00, 1
B09, Trade, 826.575, 97, B09, S01, 1
B09, Trade, 840.550, 97, B09, S04, 1
B09, Trade, 848.000, 94, B09, S07, 1
B09, Trade, 860.450, 97, B09, S06, 1
B10, 100
B10, Trade, 233.900, 102, S10, B10, 1
B10, Trade, 242.075, 102, B10, S09, 1
B10, Trade, 245.725, 102, B10, S08, 1
B10, Trade, 249.725, 101, S04, B10, 1
B10, Trade, 262.300, 102, B10, S01, 1
B10, Trade, 271.900, 102, B10, S07, 1
B10, Trade, 285.425, 102, B10, S03, 1
B10, Trade, 288.750, 102, B10, S01, 1
B10, Trade, 291.225, 102, B10, S06, 1
B10, Trade, 297.550, 102, B10, S05, 1
B10, Trade, 302.000, 102, B10, S10, 1
B10, Trade, 311.050, 102, B10, S04, 1
B10, Trade, 312.075, 102, B10, S01, 1
B10, Trade, 314.600, 101, S04, B10, 1
B10, Trade, 321.775, 102, B10, S10, 1
B10, Trade, 325.150, 102, S00, B10, 1
B10, Trade, 330.775, 102, S10, B10, 1
B10, Trade, 337.725, 102, B10, S03, 1
B10, Trade, 342.875, 100, S08, B10, 1
B10, Trade, 352.925, 100, S08, B10, 1
B10, Trade, 357.075, 99, S04, B10, 1
B10, Trade, 362.100, 99, S08, B10, 1
B10, Trade, 366.450, 96, S00, B10, 1
B10, Trade, 376.550, 102, B10, S01, 1
B10, Trade, 382.975, 101, S03, B10, 1
B10, Trade, 386.800, 101, S04, B10, 1
B10, Trade, 391.275, 101, S00, B10, 1
B10, Trade, 395.700, 102, B10, S06, 1
B10, Trade, 403.250, 99, S02, B10, 1
B10, Trade, 405.850, 100, S08, B10, 1
B10, Trade, 409.350, 102, S10, B10, 1
B10, Trade, 418.050, 102, B10, S08, 1
B10, Trade, 421.100, 102, S10, B10, 1
B10, Trade, 430.125, 102, S10, B10, 1
B10, Trade, 433.175, 99, S02, B10, 1
B10, Trade, 439.200, 101, S04, B10, 1
B10, Trade, 447.325, 102, S10, B10, 1
B10, Trade, 452.200, 101, S04, B10, 1
B10, Trade, 458.575, 102, B10, S09, 1
B10, Trade, 464.425, 101, S04, B10, 1
B10, Trade, 468.700, 102, S10, B10, 1
B10, Trade, 492.675, 102, B10, S05, 1
B10, Trade, 495.325, 101, S08, B10, 1
B10, Trade, 503.600, 102, S10, B10, 1
B10, Trade, 507.275, 102, B10, S10, 1
B10, Trade, 512.250, 100, S03, B10, 1
B10, Trade, 517.075, 101, S02, B10, 1
B10, Trade, 524.050, 102, S10, B10, 1
B10, Trade, 531.050, 102, B10, S10, 1
B10, Trade, 536.325, 102, B10, S06, 1
B10, Trade, 556.775, 102, B10, S04, 1
B10, Trade, 564.750, 102, B10, S00, 1
B10, Trade, 568.900, 102, B10, S10, 1
B10, Trade, 575.100, 101, S03, B10, 1
B10, Trade, 585.325, 102, B10, S01, 1
B10, Trade, 590.125, 102, B10, S06, 1
B10, Trade, 595.000, 102, S10, B10, 1
B10, Trade, 600.150, 102, B10, S01, 1
B10, Trade, 604.250, 101, S03, B10, 1
B10, Trade, 605.725, 101, S08, B10, 1
B10, Trade, 610.875, 100, S03, B10, 1
B10, Trade, 619.175, 102, S10, B10, 1
B10, Trade, 625.275, 102, B10, S04, 1
B10, Trade, 630.250, 102, B10, S05, 1
B10, Trade, 632.975, 102, B10, S00, 1
B10, Trade, 637.200, 101, S08, B10, 1
B10, Trade, 646.575, 102, B10, S00, 1
B10, Trade, 648.725, 102, S08, B10, 1
B10, Trade, 652.175, 102, S08, B10, 1
B10, Trade, 660.050, 102, B10, S01, 1
B10, Trade, 672.275, 102, B10, S10, 1
B10, Trade, 677.800, 102, B10, S01, 1
B10, Trade, 684.825, 102, B10, S06, 1
B10, Trade, 688.450, 102, B10, S07, 1
B10, Trade, 696.600, 102, S04, B10, 1
B10, Trade, 700.325, 102, B10, S01, 1
B10, Trade, 705.875, 102, B10, S06, 1
B10, Trade, 723.050, 102, B10, S01, 1
B10, Trade, 730.475, 100, S04, B10, 1
B10, Trade, 739.025, 102, B10, S10, 1
B10, Trade, 742.025, 102, B10, S10, 1
B10, Trade, 747.125, 102, B10, S05, 1
B10, Trade, 748.025, 102, B10, S03, 1
B10, Trade, 756.625, 101, S08, B10, 1
B10, Trade, 757.000, 100, S02, B10, 1
B10, Trade, 763.475, 102, S10, B10, 1
B10, Trade, 774.325, 102, S04, B10, 1
B10, Trade, 777.425, 102, B10, S10, 1
B10, Trade, 788.275, 102, B10, S01, 1
B10, Trade, 804.000, 102, S10, B10, 1
B10, Trade, 811.050, 102, B10, S08, 1
B10, Trade, 816.200, 102, S10, B10, 1
B10, Trade, 821.900, 101, S03, B10, 1
B10, Trade, 823.125, 100, S00, B10, 1
B10, Trade, 830.400, 102, B10, S10, 1
B10, Trade, 835.475, 102, B10, S06, 1
B10, Trade, 844.850, 97, S08, B10, 1
B10, Trade, 847.475, 102, B10, S05, 1
B10, Trade, 855.425, 102, B10, S03, 1
B10, Trade, 860.825, 100, S08, B10, 1
B11, 100
B11, Trade, 319.475, 107, S11, B11, 1
B11, Trade, 323.675, 104, S08, B11, 1
B11, Trade, 329.650, 101, S04, B11, 1
B11, Trade, 335.725, 102, S10, B11, 1
B11, Trade, 340.775, 100, S00, B11, 1
B11, Trade, 347.150, 98, S02, B11, 1
B11, Trade, 355.050, 102, S10, B11, 1
B11, Trade, 357.825, 101, S02, B11, 1
B11, Trade, 367.950, 102, S10, B11, 1
B11, Trade, 371.075, 101, S02, B11, 1
B11, Trade, 377.200, 102, S00, B11, 1
B11, Trade, 380.800, 106, S00, B11, 1
B11, Trade, 386.375, 102, S02, B11, 1
B11, Trade, 391.750, 107, S11, B11, 1
B11, Trade, 396.575, 102, S10, B11, 1
B11, Trade, 399.450, 100, S03, B11, 1
B11, Trade, 405.425, 99, S04, B11, 1
B11, Trade, 415.800, 98, S03, B11, 1
B11, Trade, 422.850, 105, S04, B11, 1
B11, Trade, 429.975, 101, S08, B11, 1
B11, Trade, 435.000, 101, S08, B11, 1
B11, Trade, 444.550, 98, S04, B11, 1
B11, Trade, 451.375, 99, S08, B11, 1
B11, Trade, 458.500, 107, B11, S06, 1
B11, Trade, 464.025, 102, S10, B11, 1
B11, Trade, 468.200, 97, S03, B11, 1
B11, Trade, 472.425, 102, S10, B11, 1
B11, Trade, 475.225, 107, B11, S06, 1
B11, Trade, 481.225, 107, B11, S10, 1
B11, Trade, 486.250, 107, B11, S01, 1
B11, Trade, 491.125, 107, B11, S06, 1
B11, Trade, 495.800, 102, S10, B11, 1
B11, Trade, 505.125, 98, S02, B11, 1
B11, Trade, 511.850, 101, S08, B11, 1
B11, Trade, 515.725, 99, S02, B11, 1
B11, Trade, 522.225, 106, S00, B11, 1
B11, Trade, 526.925, 107, B11, S01, 1
B11, Trade, 530.775, 104, S00, B11, 1
B11, Trade, 540.350, 107, S11, B11, 1
B11, Trade, 546.875, 107, S11, B11, 1
B11, Trade, 555.025, 107, B11, S01, 1
B11, Trade, 557.275, 107, S11, B11, 1
B11, Trade, 567.825, 107, B11, S06, 1
B11, Trade, 577.750, 98, S08, B11, 1
B11, Trade, 579.550, 107, S11, B11, 1
B11, Trade, 584.350, 106, S02, B11, 1
B11, Trade, 586.775, 107, B11, S10, 1
B11, Trade, 595.850, 107, B11, S04, 1
B11, Trade, 599.600, 102, S10, B11, 1
B11, Trade, 602.550, 101, S00, B11, 1
B11, Trade, 610.450, 101, S02, B11, 1
B11, Trade, 612.000, 102, S10, B11, 1
B11, Trade, 619.675, 107, S11, B11, 1
B11, Trade, 622.475, 105, S02, B11, 1
B11, Trade, 627.650, 106, S03, B11, 1
B11, Trade, 635.750, 102, S04, B11, 1
B11, Trade, 642.100, 102, S10, B11, 1
B11, Trade, 644.225, 100, S02, B11, 1
B11, Trade, 650.850, 106, S03, B11, 1
B11, Trade, 652.725, 103, S02, B11, 1
B11, Trade, 656.900, 106, S03, B11, 1
B11, Trade, 664.900, 107, B11, S03, 1
B11, Trade, 672.900, 105, S02, B11, 1
B11, Trade, 676.300, 107, S11, B11, 1
B11, Trade, 682.025, 102, S02, B11, 1
B11, Trade, 684.150, 107, S11, B11, 1
B11, Trade, 689.575, 104, S08, B11, 1
B11, Trade, 691.125, 102, S02, B11, 1
B11, Trade, 699.300, 105, S00, B11, 1
B11, Trade, 708.775, 107, B11, S00, 1
B11, Trade, 710.225, 107, S08, B11, 1
B11, Trade, 716.675, 106, S04, B11, 1
B11, Trade, 717.200, 107, S11, B11, 1
B11, Trade, 724.000, 105, S08, B11, 1
B11, Trade, 726.775, 104, S03, B11, 1
B11, Trade, 733.600, 102, S10, B11, 1
B11, Trade, 739.625, 106, S03, B11, 1
B11, Trade, 745.700, 105, S03, B11, 1
B11, Trade, 752.475, 101, S02, B11, 1
B11, Trade, 755.950, 101, S02, B11, 1
B11, Trade, 759.375, 107, B11, S11, 1
B11, Trade, 766.625, 107, B11, S06, 1
B11, Trade, 774.075, 102, S02, B11, 1
B11, Trade, 780.400, 99, S08, B11, 1
B11, Trade, 785.350, 107, B11, S01, 1
B11, Trade, 793.800, 107, B11, S01, 1
B11, Trade, 796.525, 107, B11, S10, 1
B11, Trade, 798.350, 107, S00, B11, 1
B11, Trade, 808.375, 96, S08, B11, 1
B11, Trade, 810.300, 107, B11, S07, 1
B11, Trade, 816.725, 107, S11, B11, 1
B11, Trade, 817.400, 105, S08, B11, 1
B11, Trade, 823.500, 102, S10, B11, 1
B11, Trade, 828.575, 106, S00, B11, 1
B11, Trade, 837.825, 102, S08, B11, 1
B11, Trade, 840.950, 99, S02, B11, 1
B11, Trade, 843.425, 102, S10, B11, 1
B11, Trade, 850.875, 102, S10, B11, 1
B11, Trade, 857.400, 102, S04, B11, 1
B11, Trade, 857.975, 102, S03, B11, 1
B12, 61
B12, Trade, 28.900, 102, B12, S00, 1
B12, Trade, 31.175, 102, S10, B12, 1
B12, Trade, 37.400, 109, B12, S05, 1
B12, Trade, 78.600, 102, B12, S03, 1
B12, Trade, 96.850, 103, B12, S01, 1
B12, Trade, 105.225, 105, S04, B12, 1
B12, Trade, 141.550, 107, S11, B12, 1
B12, Trade, 146.450, 110, S03, B12, 1
B12, Trade, 150.650, 106, B12, S02, 1
B12, Trade, 160.525, 98, S08, B12, 1
B12, Trade, 169.625, 107, B12, S01, 1
B12, Trade, 202.200, 102, S10, B12, 1
B12, Trade, 216.575, 100, S04, B12, 1
B12, Trade, 223.975, 97, B12, S05, 1
B12, Trade, 236.750, 103, S08, B12, 1
B12, Trade, 246.000, 104, S04, B12, 1
B12, Trade, 251.250, 97, S02, B12, 1
B12, Trade, 251.875, 102, S10, B12, 1
B12, Trade, 262.800, 103, S02, B12, 1
B12, Trade, 272.325, 105, S02, B12, 1
B12, Trade, 294.800, 107, S11, B12, 1
B12, Trade, 297.025, 93, B12, S07, 1
B12, Trade, 303.375, 99, S00, B12, 1
B12, Trade, 310.200, 103, S03, B12, 1
B12, Trade, 318.800, 106, S03, B12, 1
B12, Trade, 320.600, 101, B12, S01, 1
B12, Trade, 346.575, 99, S08, B12, 1
B12, Trade, 365.325, 97, S08, B12, 1
B12, Trade, 371.400, 104, B12, S08, 1
B12, Trade, 387.650, 107, S11, B12, 1
B12, Trade, 423.725, 104, S08, B12, 1
B12, Trade, 444.750, 98, S02, B12, 1
B12, Trade, 451.250, 98, S00, B12, 1
B12, Trade, 456.950, 102, S10, B12, 1
B12, Trade, 474.025, 107, S11, B12, 1
B12, Trade, 479.375, 108, S11, B12, 1
B12, Trade, 484.050, 108, B12, S10, 1
B12, Trade, 520.650, 102, S10, B12, 1
B12, Trade, 524.275, 105, S03, B12, 1
B12, Trade, 543.400, 102, S02, B12, 1
B12, Trade, 547.600, 113, B12, S10, 1
B12, Trade, 581.575, 108, S11, B12, 1
B12, Trade, 606.375, 107, S11, B12, 1
B12, Trade, 618.475, 100, S03, B12, 1
B12, Trade, 645.900, 102, S10, B12, 1
B12, Trade, 649.800, 102, S02, B12, 1
B12, Trade, 665.600, 105, B12, S10, 1
B12, Trade, 666.900, 111, B12, S04, 1
B12, Trade, 678.225, 103, S04, B12, 1
B12, Trade, 716.325, 105, S02, B12, 1
B12, Trade, 736.025, 100, S08, B12, 1
B12, Trade, 754.700, 100, B12, S06, 1
B12, Trade, 765.125, 110, B12, S03, 1
B12, Trade, 779.300, 82, S02, B12, 1
B12, Trade, 787.750, 107, S03, B12, 1
B12, Trade, 791.775, 109, B12, S02, 1
B12, Trade, 797.075, 110, S02, B12, 1
B12, Trade, 803.475, 100, S08, B12, 1
B12, Trade, 811.100, 103, B12, S10, 1
B12, Trade, 823.775, 100, S02, B12, 1
B12, Trade, 832.725, 105, S02, B12, 1
B13, 100
B13, Trade, 107.750, 102, B13, S03, 1
B13, Trade, 120.775, 103, B13, S05, 1
B13, Trade, 125.675, 100, B13, S02, 1
B13, Trade, 132.100, 95, B13, S01, 1
B13, Trade, 143.350, 102, B13, S10, 1
B13, Trade, 150.100, 106, B13, S01, 1
B13, Trade, 156.075, 107, B13, S00, 1
B13, Trade, 164.750, 104, B13, S03, 1
B13, Trade, 170.300, 106, B13, S06, 1
B13, Trade, 173.575, 107, B13, S06, 1
B13, Trade, 181.225, 104, B13, S10, 1
B13, Trade, 187.250, 105, B13, S06, 1
B13, Trade, 189.325, 104, B13, S03, 1
B13, Trade, 197.875, 108, B13, S04, 1
B13, Trade, 213.875, 98, B13, S06, 1
B13, Trade, 237.375, 99, B13, S01, 1
B13, Trade, 240.350, 104, B13, S04, 1
B13, Trade, 244.025, 101, B13, S06, 1
B13, Trade, 255.625, 104, B13, S06, 1
B13, Trade, 259.300, 104, B13, S06, 1
B13, Trade, 263.375, 102, B13, S06, 1
B13, Trade, 271.450, 104, B13, S00, 1
B13, Trade, 281.500, 102, B13, S06, 1
B13, Trade, 291.850, 101, B13, S05, 1
B13, Trade, 296.900, 102, B13, S01, 1
B13, Trade, 307.425, 105, B13, S06, 1
B13, Trade, 313.625, 100, S02, B13, 1
B13, Trade, 315.450, 97, B13, S06, 1
B13, Trade, 330.000, 99, B13, S06, 1
B13, Trade, 333.075, 97, B13, S03, 1
B13, Trade, 343.300, 99, B13, S01, 1
B13, Trade, 345.850, 98, B13, S01, 1
B13, Trade, 352.050, 98, B13, S04, 1
B13, Trade, 362.900, 97, B13, S01, 1
B13, Trade, 366.750, 95, B13, S06, 1
B13, Trade, 390.100, 101, S03, B13, 1
B13, Trade, 399.050, 100, B13, S04, 1
B13, Trade, 405.775, 97, B13, S06, 1
B13, Trade, 421.800, 100, B13, S06, 1
B13, Trade, 427.675, 102, B13, S04, 1
B13, Trade, 430.450, 81, S06, B13, 1
B13, Trade, 439.150, 99, B13, S01, 1
B13, Trade, 444.875, 96, B13, S06, 1
B13, Trade, 455.350, 98, B13, S03, 1
B13, Trade, 465.925, 99, S00, B13, 1
B13, Trade, 471.650, 95, S02, B13, 1
B13, Trade, 476.100, 103, B13, S06, 1
B13, Trade, 486.500, 105, B13, S06, 1
B13, Trade, 489.400, 105, B13, S09, 1
B13, Trade, 490.650, 104, S08, B13, 1
B13, Trade, 496.275, 100, B13, S01, 1
B13, Trade, 505.725, 97, B13, S00, 1
B13, Trade, 511.900, 100, B13, S00, 1
B13, Trade, 515.125, 99, B13, S04, 1
B13, Trade, 520.100, 99, B13, S01, 1
B13, Trade, 527.025, 105, B13, S09, 1
B13, Trade, 532.000, 102, B13, S06, 1
B13, Trade, 540.225, 101, B13, S03, 1
B13, Trade, 543.475, 100, B13, S01, 1
B13, Trade, 549.250, 107, B13, S01, 1
B13, Trade, 554.975, 104, B13, S07, 1
B13, Trade, 560.150, 100, B13, S01, 1
B13, Trade, 565.125, 102, B13, S03, 1
B13, Trade, 572.125, 104, B13, S01, 1
B13, Trade, 583.700, 104, B13, S05, 1
B13, Trade, 591.500, 101, B13, S03, 1
B13, Trade, 598.650, 101, B13, S05, 1
B13, Trade, 601.350, 102, B13, S10, 1
B13, Trade, 614.375, 99, B13, S00, 1
B13, Trade, 621.075, 102, B13, S01, 1
B13, Trade, 625.375, 102, B13, S08, 1
B13, Trade, 634.825, 102, B13, S10, 1
B13, Trade, 641.075, 103, B13, S04, 1
B13, Trade, 650.250, 99, B13, S01, 1
B13, Trade, 663.675, 106, B13, S06, 1
B13, Trade, 665.675, 105, B13, S06, 1
B13, Trade, 666.675, 101, S08, B13, 1
B13, Trade, 677.200, 104, B13, S00, 1
B13, Trade, 688.225, 103, B13, S01, 1
B13, Trade, 692.000, 99, S08, B13, 1
B13, Trade, 694.050, 100, B13, S03, 1
B13, Trade, 699.075, 99, B13, S06, 1
B13, Trade, 705.250, 106, B13, S03, 1
B13, Trade, 711.825, 104, B13, S10, 1
B13, Trade, 726.400, 103, B13, S07, 1
B13, Trade, 735.875, 99, B13, S04, 1
B13, Trade, 742.550, 100, B13, S09, 1
B13, Trade, 755.925, 99, B13, S03, 1
B13, Trade, 757.525, 98, B13, S05, 1
B13, Trade, 770.850, 105, B13, S01, 1
B13, Trade, 772.725, 104, B13, S04, 1
B13, Trade, 790.075, 101, S04, B13, 1
B13, Trade, 801.075, 106, B13, S03, 1
B13, Trade, 803.700, 101, S00, B13, 1
B13, Trade, 818.250, 99, B13, S01, 1
B13, Trade, 826.825, 101, S08, B13, 1
B13, Trade, 835.175, 102, B13, S10, 1
B13, Trade, 844.450, 98, S00, B13, 1
B13, Trade, 856.175, 102, B13, S08, 1
B13, Trade, 863.425, 96, B13, S06, 1
B14, 100
B14, Trade, 181.125, 105, B14, S01, 1
B14, Trade, 190.275, 104, B14, S10, 1
B14, Trade, 195.550, 111, B14, S01, 1
B14, Trade, 205.675, 98, B14, S01, 1
B14, Trade, 209.675, 101, B14, S06, 1
B14, Trade, 223.875, 99, B14, S03, 1
B14, Trade, 228.325, 97, B14, S06, 1
B14, Trade, 231.750, 98, B14, S05, 1
B14, Trade, 241.300, 103, B14, S06, 1
B14, Trade, 244.950, 102, B14, S02, 1
B14, Trade, 252.375, 103, B14, S08, 1
B14, Trade, 265.475, 103, B14, S01, 1
B14, Trade, 273.000, 104, S05, B14, 1
B14, Trade, 276.750, 105, B14, S08, 1
B14, Trade, 278.850, 105, B14, S01, 1
B14, Trade, 286.625, 102, B14, S06, 1
B14, Trade, 290.400, 102, B14, S04, 1
B14, Trade, 300.200, 101, S00, B14, 1
B14, Trade, 309.150, 105, S02, B14, 1
B14, Trade, 322.850, 102, B14, S06, 1
B14, Trade, 338.175, 101, B14, S05, 1
B14, Trade, 343.025, 99, B14, S06, 1
B14, Trade, 349.550, 100, B14, S04, 1
B14, Trade, 359.200, 98, B14, S00, 1
B14, Trade, 363.750, 97, B14, S06, 1
B14, Trade, 373.900, 102, B14, S06, 1
B14, Trade, 382.475, 101, B14, S08, 1
B14, Trade, 389.050, 103, S04, B14, 1
B14, Trade, 393.925, 98, B14, S05, 1
B14, Trade, 400.025, 98, B14, S01, 1
B14, Trade, 408.575, 96, B14, S05, 1
B14, Trade, 413.900, 98, B14, S00, 1
B14, Trade, 418.100, 101, B14, S01, 1
B14, Trade, 429.575, 101, B14, S02, 1
B14, Trade, 438.200, 100, S03, B14, 1
B14, Trade, 443.475, 97, B14, S02, 1
B14, Trade, 454.850, 99, B14, S06, 1
B14, Trade, 458.050, 103, B14, S04, 1
B14, Trade, 461.125, 101, S00, B14, 1
B14, Trade, 470.500, 97, S04, B14, 1
B14, Trade, 477.925, 106, B14, S05, 1
B14, Trade, 479.625, 107, B14, S04, 1
B14, Trade, 484.975, 108, B14, S05, 1
B14, Trade, 489.625, 105, B14, S03, 1
B14, Trade, 491.300, 105, B14, S01, 1
B14, Trade, 502.975, 98, B14, S03, 1
B14, Trade, 508.875, 101, S05, B14, 1
B14, Trade, 514.950, 99, B14, S01, 1
B14, Trade, 517.825, 98, B14, S06, 1
B14, Trade, 522.825, 100, B14, S06, 1
B14, Trade, 528.075, 105, B14, S10, 1
B14, Trade, 535.125, 103, B14, S10, 1
B14, Trade, 537.300, 102, B14, S01, 1
B14, Trade, 543.950, 100, B14, S00, 1
B14, Trade, 549.200, 110, B14, S03, 1
B14, Trade, 554.225, 105, B14, S03, 1
B14, Trade, 557.175, 103, B14, S02, 1
B14, Trade, 567.800, 110, S03, B14, 1
B14, Trade, 574.775, 99, B14, S00, 1
B14, Trade, 580.425, 104, B14, S02, 1
B14, Trade, 585.150, 104, B14, S06, 1
B14, Trade, 591.550, 101, B14, S09, 1
B14, Trade, 598.700, 102, S03, B14, 1
B14, Trade, 610.100, 100, B14, S04, 1
B14, Trade, 619.100, 99, B14, S04, 1
B14, Trade, 623.225, 102, B14, S01, 1
B14, Trade, 629.800, 103, B14, S01, 1
B14, Trade, 634.450, 103, B14, S06, 1
B14, Trade, 641.050, 103, B14, S00, 1
B14, Trade, 663.925, 108, B14, S02, 1
B14, Trade, 670.250, 107, B14, S01, 1
B14, Trade, 675.275, 102, B14, S06, 1
B14, Trade, 685.750, 104, B14, S10, 1
B14, Trade, 689.950, 104, B14, S03, 1
B14, Trade, 702.875, 105, B14, S08, 1
B14, Trade, 709.550, 106, B14, S01, 1
B14, Trade, 718.325, 104, B14, S10, 1
B14, Trade, 722.400, 105, B14, S03, 1
B14, Trade, 728.675, 100, S00, B14, 1
B14, Trade, 738.150, 103, B14, S02, 1
B14, Trade, 745.450, 101, B14, S01, 1
B14, Trade, 749.700, 101, B14, S06, 1
B14, Trade, 766.100, 107, B14, S02, 1
B14, Trade, 769.300, 106, B14, S06, 1
B14, Trade, 773.275, 103, B14, S00, 1
B14, Trade, 781.650, 91, B14, S01, 1
B14, Trade, 785.525, 107, S08, B14, 1
B14, Trade, 791.050, 101, B14, S06, 1
B14, Trade, 800.900, 106, B14, S01, 1
B14, Trade, 804.975, 103, B14, S10, 1
B14, Trade, 807.675, 96, S02, B14, 1
B14, Trade, 817.275, 100, B14, S06, 1
B14, Trade, 822.175, 99, B14, S07, 1
B14, Trade, 825.375, 108, B14, S10, 1
B14, Trade, 832.325, 103, B14, S00, 1
B14, Trade, 839.450, 100, B14, S06, 1
B14, Trade, 844.025, 98, B14, S06, 1
B14, Trade, 850.850, 93, S08, B14, 1
B14, Trade, 854.275, 104, B14, S02, 1
B14, Trade, 860.150, 98, B14, S01, 1
B15, 100
B15, Trade, 138.925, 100, B15, S01, 1
B15, Trade, 144.175, 101, B15, S07, 1
B15, Trade, 150.800, 105, B15, S08, 1
B15, Trade, 154.775, 107, B15, S04, 1
B15, Trade, 170.000, 106, B15, S04, 1
B15, Trade, 179.000, 106, B15, S08, 1
B15, Trade, 182.950, 103, B15, S10, 1
B15, Trade, 189.425, 104, B15, S00, 1
B15, Trade, 197.975, 106, B15, S07, 1
B15, Trade, 199.300, 101, S08, B15, 1
B15, Trade, 213.325, 99, B15, S01, 1
B15, Trade, 227.750, 97, B15, S01, 1
B15, Trade, 241.725, 103, S00, B15, 1
B15, Trade, 243.275, 102, B15, S01, 1
B15, Trade, 248.075, 101, S08, B15, 1
B15, Trade, 260.425, 103, B15, S10, 1
B15, Trade, 266.300, 102, B15, S10, 1
B15, Trade, 277.975, 105, B15, S10, 1
B15, Trade, 279.300, 102, S10, B15, 1
B15, Trade, 286.200, 102, B15, S10, 1
B15, Trade, 291.525, 102, B15, S00, 1
B15, Trade, 293.700, 101, B15, S06, 1
B15, Trade, 301.325, 92, S08, B15, 1
B15, Trade, 307.350, 106, B15, S05, 1
B15, Trade, 312.250, 102, B15, S06, 1
B15, Trade, 331.575, 99, B15, S00, 1
B15, Trade, 338.950, 100, B15, S00, 1
B15, Trade, 339.875, 100, B15, S04, 1
B15, Trade, 350.125, 99, B15, S01, 1
B15, Trade, 355.850, 98, B15, S01, 1
B15, Trade, 364.500, 97, B15, S05, 1
B15, Trade, 365.950, 94, S02, B15, 1
B15, Trade, 376.750, 101, B15, S04, 1
B15, Trade, 383.250, 100, B15, S06, 1
B15, Trade, 390.550, 101, S02, B15, 1
B15, Trade, 399.575, 99, B15, S00, 1
B15, Trade, 400.600, 98, B15, S06, 1
B15, Trade, 407.400, 96, B15, S01, 1
B15, Trade, 411.375, 98, B15, S06, 1
B15, Trade, 428.950, 101, B15, S00, 1
B15, Trade, 443.775, 96, B15, S05, 1
B15, Trade, 459.725, 100, B15, S01, 1
B15, Trade, 462.175, 100, S02, B15, 1
B15, Trade, 471.050, 96, B15, S08, 1
B15, Trade, 475.475, 103, B15, S10, 1
B15, Trade, 480.450, 105, B15, S03, 1
B15, Trade, 490.600, 104, S02, B15, 1
B15, Trade, 502.425, 99, B15, S00, 1
B15, Trade, 506.225, 97, B15, S02, 1
B15, Trade, 514.650, 99, B15, S00, 1
B15, Trade, 520.400, 99, B15, S07, 1
B15, Trade, 530.425, 104, B15, S03, 1
B15, Trade, 531.850, 104, B15, S08, 1
B15, Trade, 542.125, 101, B15, S06, 1
B15, Trade, 551.650, 107, B15, S04, 1
B15, Trade, 552.350, 106, S09, B15, 1
B15, Trade, 556.800, 103, S03, B15, 1
B15, Trade, 561.475, 102, B15, S10, 1
B15, Trade, 568.400, 107, B15, S09, 1
B15, Trade, 572.325, 103, B15, S09, 1
B15, Trade, 583.850, 104, B15, S10, 1
B15, Trade, 590.600, 102, B15, S01, 1
B15, Trade, 594.550, 101, S08, B15, 1
B15, Trade, 598.725, 101, B15, S02, 1
B15, Trade, 611.450, 99, B15, S06, 1
B15, Trade, 625.825, 101, B15, S03, 1
B15, Trade, 630.075, 102, B15, S10, 1
B15, Trade, 636.975, 99, B15, S00, 1
B15, Trade, 645.425, 100, S04, B15, 1
B15, Trade, 649.500, 100, B15, S06, 1
B15, Trade, 659.650, 102, B15, S06, 1
B15, Trade, 666.275, 101, S00, B15, 1
B15, Trade, 670.500, 106, B15, S03, 1
B15, Trade, 672.300, 105, S03, B15, 1
B15, Trade, 687.325, 102, B15, S01, 1
B15, Trade, 696.700, 100, B15, S01, 1
B15, Trade, 705.650, 106, B15, S04, 1
B15, Trade, 709.625, 105, B15, S06, 1
B15, Trade, 716.575, 104, B15, S06, 1
B15, Trade, 723.000, 104, B15, S00, 1
B15, Trade, 723.325, 104, B15, S04, 1
B15, Trade, 730.300, 100, S03, B15, 1
B15, Trade, 732.325, 98, B15, S06, 1
B15, Trade, 745.650, 100, B15, S06, 1
B15, Trade, 750.550, 100, B15, S01, 1
B15, Trade, 754.875, 99, B15, S01, 1
B15, Trade, 760.000, 100, B15, S01, 1
B15, Trade, 771.325, 105, B15, S00, 1
B15, Trade, 776.675, 100, B15, S03, 1
B15, Trade, 787.225, 106, B15, S00, 1
B15, Trade, 801.875, 105, B15, S09, 1
B15, Trade, 812.525, 101, B15, S01, 1
B15, Trade, 814.425, 100, B15, S07, 1
B15, Trade, 819.800, 98, B15, S05, 1
B15, Trade, 829.300, 101, B15, S01, 1
B15, Trade, 836.900, 101, B15, S03, 1
B15, Trade, 838.700, 100, B15, S01, 1
B15, Trade, 846.850, 94, B15, S03, 1
B15, Trade, 856.350, 101, B15, S07, 1
B15, Trade, 860.000, 99, S03, B15, 1
B16, 100
B16, Trade, 104.925, 104, S02, B16, 1
B16, Trade, 118.400, 113, S12, B16, 1
B16, Trade, 121.850, 104, S02, B16, 1
B16, Trade, 126.475, 106, S00, B16, 1
B16, Trade, 131.825, 107, S11, B16, 1
B16, Trade, 137.750, 102, S00, B16, 1
B16, Trade, 143.825, 105, S02, B16, 1
B16, Trade, 147.700, 113, S12, B16, 1
B16, Trade, 151.325, 107, S11, B16, 1
B16, Trade, 162.375, 107, S11, B16, 1
B16, Trade, 165.025, 105, S02, B16, 1
B16, Trade, 171.800, 104, S08, B16, 1
B16, Trade, 175.825, 108, B16, S01, 1
B16, Trade, 183.000, 108, S03, B16, 1
B16, Trade, 188.225, 106, S04, B16, 1
B16, Trade, 194.650, 113, B16, S02, 1
B16, Trade, 200.800, 100, S04, B16, 1
B16, Trade, 204.450, 102, S08, B16, 1
B16, Trade, 212.500, 107, S11, B16, 1
B16, Trade, 214.500, 100, S00, B16, 1
B16, Trade, 220.825, 102, S02, B16, 1
B16, Trade, 224.500, 98, S00, B16, 1
B16, Trade, 234.550, 107, S11, B16, 1
B16, Trade, 253.425, 101, S02, B16, 1
B16, Trade, 268.975, 107, S08, B16, 1
B16, Trade, 276.850, 108, S02, B16, 1
B16, Trade, 280.575, 106, S04, B16, 1
B16, Trade, 284.250, 103, S00, B16, 1
B16, Trade, 305.325, 107, B16, S11, 1
B16, Trade, 316.875, 101, S08, B16, 1
B16, Trade, 319.575, 118, S13, B16, 1
B16, Trade, 329.875, 109, S11, B16, 1
B16, Trade, 345.800, 100, S03, B16, 1
B16, Trade, 350.500, 100, B16, S00, 1
B16, Trade, 363.000, 102, S10, B16, 1
B16, Trade, 366.275, 95, S04, B16, 1
B16, Trade, 368.400, 104, S03, B16, 1
B16, Trade, 379.625, 103, S08, B16, 1
B16, Trade, 386.925, 102, S08, B16, 1
B16, Trade, 393.575, 101, S03, B16, 1
B16, Trade, 396.800, 107, S11, B16, 1
B16, Trade, 403.950, 102, S10, B16, 1
B16, Trade, 408.275, 99, S03, B16, 1
B16, Trade, 415.100, 99, S02, B16, 1
B16, Trade, 418.575, 103, S04, B16, 1
B16, Trade, 432.075, 107, S11, B16, 1
B16, Trade, 447.950, 101, S03, B16, 1
B16, Trade, 453.200, 100, S03, B16, 1
B16, Trade, 457.500, 107, S11, B16, 1
B16, Trade, 477.525, 110, S00, B16, 1
B16, Trade, 483.225, 112, S00, B16, 1
B16, Trade, 492.075, 105, S03, B16, 1
B16, Trade, 497.575, 102, S02, B16, 1
B16, Trade, 509.100, 103, S04, B16, 1
B16, Trade, 533.025, 106, S02, B16, 1
B16, Trade, 544.400, 101, S08, B16, 1
B16, Trade, 546.725, 106, S03, B16, 1
B16, Trade, 554.350, 106, S08, B16, 1
B16, Trade, 560.075, 107, S00, B16, 1
B16, Trade, 565.550, 103, S08, B16, 1
B16, Trade, 571.575, 107, S11, B16, 1
B16, Trade, 577.475, 97, S04, B16, 1
B16, Trade, 584.400, 107, S08, B16, 1
B16, Trade, 604.375, 99, B16, S07, 1
B16, Trade, 614.900, 100, S02, B16, 1
B16, Trade, 618.525, 101, S00, B16, 1
B16, Trade, 627.100, 102, S08, B16, 1
B16, Trade, 645.025, 99, S03, B16, 1
B16, Trade, 649.175, 102, S10, B16, 1
B16, Trade, 655.425, 102, S10, B16, 1
B16, Trade, 663.000, 111, B16, S10, 1
B16, Trade, 665.250, 107, S11, B16, 1
B16, Trade, 670.650, 106, S00, B16, 1
B16, Trade, 679.575, 101, S02, B16, 1
B16, Trade, 686.425, 106, S03, B16, 1
B16, Trade, 690.850, 100, B16, S06, 1
B16, Trade, 694.175, 102, S10, B16, 1
B16, Trade, 699.750, 102, S10, B16, 1
B16, Trade, 701.500, 107, S11, B16, 1
B16, Trade, 709.025, 107, S04, B16, 1
B16, Trade, 720.075, 107, S11, B16, 1
B16, Trade, 724.225, 107, S11, B16, 1
B16, Trade, 734.725, 103, S00, B16, 1
B16, Trade, 741.700, 107, S11, B16, 1
B16, Trade, 754.925, 102, S00, B16, 1
B16, Trade, 766.725, 108, S08, B16, 1
B16, Trade, 770.950, 107, S11, B16, 1
B16, Trade, 776.600, 95, B16, S05, 1
B16, Trade, 788.950, 106, S03, B16, 1
B16, Trade, 794.950, 112, S04, B16, 1
B16, Trade, 800.700, 107, S11, B16, 1
B16, Trade, 805.350, 111, S04, B16, 1
B16, Trade, 815.050, 101, S02, B16, 1
B16, Trade, 815.950, 101, S00, B16, 1
B16, Trade, 823.875, 116, B16, S06, 1
B16, Trade, 832.700, 105, S03, B16, 1
B16, Trade, 836.500, 103, S04, B16, 1
B16, Trade, 849.775, 93, S00, B16, 1
B16, Trade, 853.325, 106, S04, B16, 1
B16, Trade, 854.750, 104, S02, B16, 1
B17, 100
B17, Trade, 293.325, 102, B17, S03, 1
B17, Trade, 299.100, 103, B17, S06, 1
B17, Trade, 306.750, 107, S08, B17, 1
B17, Trade, 309.250, 103, B17, S00, 1
B17, Trade, 320.000, 101, B17, S06, 1
B17, Trade, 324.800, 101, B17, S03, 1
B17, Trade, 328.475, 102, S10, B17, 1
B17, Trade, 337.025, 100, B17, S06, 1
B17, Trade, 341.150, 100, S03, B17, 1
B17, Trade, 348.900, 101, B17, S06, 1
B17, Trade, 356.950, 98, B17, S00, 1
B17, Trade, 361.250, 98, B17, S04, 1
B17, Trade, 369.225, 98, B17, S01, 1
B17, Trade, 372.500, 102, S10, B17, 1
B17, Trade, 375.800, 103, B17, S03, 1
B17, Trade, 378.450, 102, S02, B17, 1
B17, Trade, 389.575, 104, S08, B17, 1
B17, Trade, 393.475, 99, B17, S06, 1
B17, Trade, 396.475, 101, B17, S01, 1
B17, Trade, 400.375, 99, S02, B17, 1
B17, Trade, 410.700, 101, S02, B17, 1
B17, Trade, 413.250, 98, B17, S01, 1
B17, Trade, 420.375, 101, S00, B17, 1
B17, Trade, 424.725, 103, B17, S10, 1
B17, Trade, 427.050, 103, B17, S06, 1
B17, Trade, 430.325, 80, B17, S03, 1
B17, Trade, 441.250, 98, S08, B17, 1
B17, Trade, 447.750, 97, B17, S01, 1
B17, Trade, 452.050, 99, B17, S01, 1
B17, Trade, 455.600, 99, S00, B17, 1
B17, Trade, 463.925, 101, B17, S06, 1
B17, Trade, 468.675, 94, B17, S01, 1
B17, Trade, 473.900, 96, S00, B17, 1
B17, Trade, 478.275, 107, B17, S01, 1
B17, Trade, 482.600, 103, B17, S05, 1
B17, Trade, 488.850, 106, B17, S04, 1
B17, Trade, 492.575, 103, B17, S00, 1
B17, Trade, 500.650, 100, B17, S06, 1
B17, Trade, 506.675, 103, B17, S01, 1
B17, Trade, 510.650, 100, B17, S06, 1
B17, Trade, 519.700, 100, B17, S03, 1
B17, Trade, 525.725, 108, S11, B17, 1
B17, Trade, 529.550, 105, B17, S04, 1
B17, Trade, 533.475, 104, B17, S01, 1
B17, Trade, 535.025, 104, B17, S04, 1
B17, Trade, 545.025, 99, B17, S06, 1
B17, Trade, 548.775, 111, S02, B17, 1
B17, Trade, 552.750, 106, B17, S06, 1
B17, Trade, 561.175, 104, B17, S06, 1
B17, Trade, 563.050, 103, B17, S01, 1
B17, Trade, 571.125, 105, B17, S02, 1
B17, Trade, 572.775, 98, B17, S06, 1
B17, Trade, 580.250, 105, B17, S10, 1
B17, Trade, 583.400, 106, S00, B17, 1
B17, Trade, 588.300, 103, B17, S03, 1
B17, Trade, 594.250, 100, B17, S01, 1
B17, Trade, 601.025, 103, B17, S06, 1
B17, Trade, 606.075, 99, B17, S06, 1
B17, Trade, 614.675, 99, S03, B17, 1
B17, Trade, 620.675, 102, B17, S05, 1
B17, Trade, 623.825, 103, B17, S06, 1
B17, Trade, 629.400, 103, B17, S06, 1
B17, Trade, 633.725, 103, S09, B17, 1
B17, Trade, 639.600, 104, B17, S08, 1
B17, Trade, 644.825, 98, B17, S01, 1
B17, Trade, 652.575, 101, B17, S06, 1
B17, Trade, 659.425, 103, B17, S02, 1
B17, Trade, 665.975, 102, B17, S01, 1
B17, Trade, 669.950, 107, B17, S04, 1
B17, Trade, 675.000, 105, S08, B17, 1
B17, Trade, 681.600, 102, S10, B17, 1
B17, Trade, 686.900, 105, S04, B17, 1
B17, Trade, 694.450, 101, B17, S02, 1
B17, Trade, 704.575, 107, B17, S02, 1
B17, Trade, 711.375, 107, S02, B17, 1
B17, Trade, 715.100, 105, S03, B17, 1
B17, Trade, 719.425, 107, B17, S02, 1
B17, Trade, 724.900, 104, B17, S06, 1
B17, Trade, 734.750, 99, B17, S01, 1
B17, Trade, 737.925, 104, B17, S08, 1
B17, Trade, 740.475, 103, B17, S06, 1
B17, Trade, 749.125, 102, B17, S00, 1
B17, Trade, 751.175, 100, S08, B17, 1
B17, Trade, 755.700, 100, S04, B17, 1
B17, Trade, 764.675, 100, B17, S01, 1
B17, Trade, 768.425, 106, B17, S10, 1
B17, Trade, 772.225, 105, S03, B17, 1
B17, Trade, 778.675, 80, S04, B17, 1
B17, Trade, 786.175, 106, B17, S04, 1
B17, Trade, 790.525, 102, S10, B17, 1
B17, Trade, 792.525, 108, S08, B17, 1
B17, Trade, 800.225, 107, S02, B17, 1
B17, Trade, 807.375, 94, B17, S06, 1
B17, Trade, 811.200, 98, B17, S01, 1
B17, Trade, 818.750, 98, B17, S06, 1
B17, Trade, 827.550, 104, S03, B17, 1
B17, Trade, 830.150, 103, B17, S06, 1
B17, Trade, 839.250, 101, B17, S08, 1
B17, Trade, 852.600, 103, B17, S06, 1
B17, Trade, 858.950, 99, B17, S06, 1
B18, 100
B18, Trade, 275.350, 106, B18, S06, 1
B18, Trade, 281.275, 104, B18, S02, 1
B18, Trade, 285.500, 104, S02, B18, 1
B18, Trade, 293.625, 102, B18, S02, 1
B18, Trade, 295.200, 102, S10, B18, 1
B18, Trade, 300.925, 79, B18, S01, 1
B18, Trade, 304.950, 108, B18, S02, 1
B18, Trade, 317.275, 100, B18, S09, 1
B18, Trade, 323.875, 101, B18, S01, 1
B18, Trade, 326.775, 101, B18, S03, 1
B18, Trade, 329.750, 100, B18, S08, 1
B18, Trade, 334.800, 99, B18, S01, 1
B18, Trade, 339.025, 101, S04, B18, 1
B18, Trade, 348.225, 102, S10, B18, 1
B18, Trade, 350.900, 98, B18, S05, 1
B18, Trade, 354.950, 101, S03, B18, 1
B18, Trade, 360.775, 99, S08, B18, 1
B18, Trade, 368.700, 98, B18, S06, 1
B18, Trade, 376.325, 103, S00, B18, 1
B18, Trade, 382.025, 101, B18, S01, 1
B18, Trade, 387.100, 100, B18, S01, 1
B18, Trade, 396.450, 102, S08, B18, 1
B18, Trade, 398.200, 101, B18, S04, 1
B18, Trade, 402.100, 98, B18, S00, 1
B18, Trade, 405.250, 98, B18, S00, 1
B18, Trade, 411.325, 101, S08, B18, 1
B18, Trade, 419.325, 100, B18, S01, 1
B18, Trade, 422.550, 103, B18, S02, 1
B18, Trade, 426.275, 103, B18, S01, 1
B18, Trade, 436.225, 100, B18, S06, 1
B18, Trade, 442.450, 98, S03, B18, 1
B18, Trade, 450.675, 98, S02, B18, 1
B18, Trade, 455.775, 98, B18, S08, 1
B18, Trade, 463.775, 100, B18, S01, 1
B18, Trade, 464.475, 101, S02, B18, 1
B18, Trade, 480.175, 106, B18, S06, 1
B18, Trade, 483.650, 110, B18, S08, 1
B18, Trade, 488.725, 107, S00, B18, 1
B18, Trade, 494.000, 100, S09, B18, 1
B18, Trade, 499.650, 101, S03, B18, 1
B18, Trade, 504.250, 98, B18, S04, 1
B18, Trade, 514.375, 100, B18, S08, 1
B18, Trade, 519.025, 100, B18, S04, 1
B18, Trade, 524.475, 104, B18, S08, 1
B18, Trade, 525.200, 105, B18, S02, 1
B18, Trade, 534.050, 104, S04, B18, 1
B18, Trade, 539.825, 102, B18, S09, 1
B18, Trade, 540.275, 102, S08, B18, 1
B18, Trade, 550.550, 108, B18, S10, 1
B18, Trade, 553.925, 106, B18, S02, 1
B18, Trade, 563.925, 103, S08, B18, 1
B18, Trade, 566.950, 109, B18, S08, 1
B18, Trade, 574.450, 100, S02, B18, 1
B18, Trade, 576.075, 95, B18, S06, 1
B18, Trade, 581.900, 105, B18, S03, 1
B18, Trade, 590.050, 103, B18, S04, 1
B18, Trade, 593.800, 100, S00, B18, 1
B18, Trade, 600.600, 103, B18, S02, 1
B18, Trade, 603.775, 101, B18, S04, 1
B18, Trade, 608.225, 101, B18, S01, 1
B18, Trade, 613.575, 99, B18, S01, 1
B18, Trade, 616.675, 99, B18, S06, 1
B18, Trade, 622.250, 104, S00, B18, 1
B18, Trade, 628.650, 103, B18, S02, 1
B18, Trade, 631.675, 102, B18, S01, 1
B18, Trade, 637.425, 100, B18, S01, 1
B18, Trade, 642.900, 100, B18, S06, 1
B18, Trade, 653.275, 101, B18, S01, 1
B18, Trade, 658.850, 104, S03, B18, 1
B18, Trade, 667.925, 108, B18, S10, 1
B18, Trade, 673.300, 98, B18, S01, 1
B18, Trade, 677.050, 105, B18, S03, 1
B18, Trade, 680.300, 102, S08, B18, 1
B18, Trade, 689.650, 104, B18, S10, 1
B18, Trade, 695.700, 101, B18, S06, 1
B18, Trade, 702.725, 103, B18, S10, 1
B18, Trade, 704.425, 108, B18, S01, 1
B18, Trade, 711.125, 106, B18, S10, 1
B18, Trade, 716.225, 105, S00, B18, 1
B18, Trade, 718.150, 104, B18, S01, 1
B18, Trade, 727.825, 100, B18, S04, 1
B18, Trade, 735.825, 101, S02, B18, 1
B18, Trade, 738.975, 104, B18, S04, 1
B18, Trade, 744.100, 102, B18, S10, 1
B18, Trade, 750.475, 101, S04, B18, 1
B18, Trade, 760.725, 99, B18, S03, 1
B18, Trade, 767.875, 108, S04, B18, 1
B18, Trade, 783.575, 104, B18, S06, 1
B18, Trade, 785.800, 107, B18, S02, 1
B18, Trade, 789.500, 100, B18, S00, 1
B18, Trade, 795.800, 107, B18, S06, 1
B18, Trade, 802.175, 103, B18, S06, 1
B18, Trade, 805.775, 101, B18, S01, 1
B18, Trade, 813.600, 101, S04, B18, 1
B18, Trade, 822.050, 100, B18, S04, 1
B18, Trade, 828.500, 103, B18, S04, 1
B18, Trade, 836.600, 102, B18, S01, 1
B18, Trade, 843.925, 98, B18, S05, 1
B18, Trade, 846.175, 93, B18, S02, 1
B18, Trade, 857.775, 98, B18, S01, 1
B19, 100
B19, Trade, 333.250, 99, S08, B19, 1
B19, Trade, 334.300, 99, S02, B19, 1
B19, Trade, 341.775, 100, S02, B19, 1
B19, Trade, 343.625, 101, S00, B19, 1
B19, Trade, 352.275, 100, S03, B19, 1
B19, Trade, 353.175, 101, S02, B19, 1
B19, Trade, 361.750, 99, S03, B19, 1
B19, Trade, 363.725, 100, S02, B19, 1
B19, Trade, 370.975, 100, S04, B19, 1
B19, Trade, 377.300, 102, S10, B19, 1
B19, Trade, 382.400, 102, S07, B19, 1
B19, Trade, 385.975, 102, S10, B19, 1
B19, Trade, 391.300, 102, S10, B19, 1
B19, Trade, 394.650, 102, S10, B19, 1
B19, Trade, 402.725, 99, S08, B19, 1
B19, Trade, 404.925, 100, S02, B19, 1
B19, Trade, 410.225, 100, S04, B19, 1
B19, Trade, 416.825, 102, S10, B19, 1
B19, Trade, 425.150, 104, S03, B19, 1
B19, Trade, 433.900, 106, S04, B19, 1
B19, Trade, 435.725, 102, S10, B19, 1
B19, Trade, 441.150, 98, S00, B19, 1
B19, Trade, 446.875, 103, S00, B19, 1
B19, Trade, 453.250, 102, S10, B19, 1
B19, Trade, 458.200, 104, S08, B19, 1
B19, Trade, 460.250, 102, S03, B19, 1
B19, Trade, 466.500, 96, S02, B19, 1
B19, Trade, 472.625, 104, S03, B19, 1
B19, Trade, 478.050, 109, S08, B19, 1
B19, Trade, 485.175, 109, S09, B19, 1
B19, Trade, 490.975, 105, S04, B19, 1
B19, Trade, 495.750, 101, S04, B19, 1
B19, Trade, 500.225, 102, S08, B19, 1
B19, Trade, 508.300, 104, S03, B19, 1
B19, Trade, 515.925, 102, S10, B19, 1
B19, Trade, 517.975, 101, S08, B19, 1
B19, Trade, 524.550, 107, S04, B19, 1
B19, Trade, 528.925, 108, S08, B19, 1
B19, Trade, 532.675, 106, S00, B19, 1
B19, Trade, 537.650, 104, S02, B19, 1
B19, Trade, 544.675, 105, S04, B19, 1
B19, Trade, 547.050, 113, S12, B19, 1
B19, Trade, 553.750, 107, S00, B19, 1
B19, Trade, 558.050, 113, S12, B19, 1
B19, Trade, 562.450, 103, S02, B19, 1
B19, Trade, 569.600, 107, S11, B19, 1
B19, Trade, 571.200, 106, S04, B19, 1
B19, Trade, 578.950, 106, S03, B19, 1
B19, Trade, 580.725, 110, S00, B19, 1
B19, Trade, 586.350, 111, S04, B19, 1
B19, Trade, 592.075, 99, S02, B19, 1
B19, Trade, 599.050, 102, S08, B19, 1
B19, Trade, 606.525, 100, S05, B19, 1
B19, Trade, 611.375, 101, S00, B19, 1
B19, Trade, 615.950, 100, S08, B19, 1
B19, Trade, 621.750, 105, S08, B19, 1
B19, Trade, 626.025, 102, S10, B19, 1
B19, Trade, 636.100, 102, S02, B19, 1
B19, Trade, 639.000, 107, S11, B19, 1
B19, Trade, 641.400, 110, S03, B19, 1
B19, Trade, 649.050, 102, S04, B19, 1
B19, Trade, 653.325, 108, S11, B19, 1
B19, Trade, 660.150, 104, S04, B19, 1
B19, Trade, 661.525, 108, S11, B19, 1
B19, Trade, 666.950, 113, S12, B19, 1
B19, Trade, 676.075, 106, S00, B19, 1
B19, Trade, 683.450, 104, S08, B19, 1
B19, Trade, 688.325, 105, S00, B19, 1
B19, Trade, 695.200, 103, S00, B19, 1
B19, Trade, 697.175, 102, S02, B19, 1
B19, Trade, 706.375, 108, S11, B19, 1
B19, Trade, 709.800, 106, S03, B19, 1
B19, Trade, 712.075, 107, S11, B19, 1
B19, Trade, 718.925, 106, S00, B19, 1
B19, Trade, 727.275, 104, S08, B19, 1
B19, Trade, 734.200, 107, S11, B19, 1
B19, Trade, 739.525, 105, S00, B19, 1
B19, Trade, 743.275, 106, S08, B19, 1
B19, Trade, 751.225, 102, S10, B19, 1
B19, Trade, 752.750, 102, S10, B19, 1
B19, Trade, 762.000, 100, S08, B19, 1
B19, Trade, 763.300, 100, S00, B19, 1
B19, Trade, 769.200, 109, S11, B19, 1
B19, Trade, 775.600, 101, S02, B19, 1
B19, Trade, 780.050, 107, S11, B19, 1
B19, Trade, 782.000, 107, S11, B19, 1
B19, Trade, 790.925, 107, S11, B19, 1
B19, Trade, 794.775, 110, S00, B19, 1
B19, Trade, 801.950, 107, S03, B19, 1
B19, Trade, 806.650, 104, S03, B19, 1
B19, Trade, 807.900, 95, S04, B19, 1
B19, Trade, 816.350, 105, S03, B19, 1
B19, Trade, 818.500, 107, S11, B19, 1
B19, Trade, 825.550, 110, S11, B19, 1
B19, Trade, 828.675, 108, S02, B19, 1
B19, Trade, 836.950, 102, S00, B19, 1
B19, Trade, 841.825, 98, S00, B19, 1
B19, Trade, 845.850, 94, S04, B19, 1
B19, Trade, 851.525, 108, S11, B19, 1
B19, Trade, 860.100, 100, S00, B19, 1
S00, 100
S00, Trade, 259.225, 105, S00, B18, 1
S00, Trade, 266.175, 106, S00, B11, 1
S00, Trade, 271.450, 104, B13, S00, 1
S00, Trade, 276.675, 106, B17, S00, 1
S00, Trade, 284.250, 103, S00, B16, 1
S00, Trade, 287.125, 105, S00, B19, 1
S00, Trade, 291.525, 102, B15, S00, 1
S00, Trade, 295.975, 112, S00, B19, 1
S00, Trade, 300.200, 101, S00, B14, 1
S00, Trade, 303.375, 99, S00, B12, 1
S00, Trade, 309.250, 103, B17, S00, 1
S00, Trade, 316.475, 101, S00, B19, 1
S00, Trade, 325.150, 102, S00, B10, 1
S00, Trade, 331.575, 99, B15, S00, 1
S00, Trade, 338.950, 100, B15, S00, 1
S00, Trade, 340.775, 100, S00, B11, 1
S00, Trade, 343.625, 101, S00, B19, 1
S00, Trade, 350.500, 100, B16, S00, 1
S00, Trade, 356.950, 98, B17, S00, 1
S00, Trade, 359.200, 98, B14, S00, 1
S00, Trade, 366.450, 96, S00, B10, 1
S00, Trade, 376.325, 103, S00, B18, 1
S00, Trade, 377.200, 102, S00, B11, 1
S00, Trade, 380.800, 106, S00, B11, 1
S00, Trade, 391.275, 101, S00, B10, 1
S00, Trade, 399.575, 99, B15, S00, 1
S00, Trade, 402.100, 98, B18, S00, 1
S00, Trade, 405.250, 98, B18, S00, 1
S00, Trade, 413.900, 98, B14, S00, 1
S00, Trade, 420.375, 101, S00, B17, 1
S00, Trade, 428.950, 101, B15, S00, 1
S00, Trade, 441.150, 98, S00, B19, 1
S00, Trade, 446.875, 103, S00, B19, 1
S00, Trade, 451.250, 98, S00, B12, 1
S00, Trade, 455.600, 99, S00, B17, 1
S00, Trade, 461.125, 101, S00, B14, 1
S00, Trade, 465.925, 99, S00, B13, 1
S00, Trade, 473.900, 96, S00, B17, 1
S00, Trade, 477.525, 110, S00, B16, 1
S00, Trade, 483.225, 112, S00, B16, 1
S00, Trade, 488.725, 107, S00, B18, 1
S00, Trade, 492.575, 103, B17, S00, 1
S00, Trade, 502.425, 99, B15, S00, 1
S00, Trade, 505.725, 97, B13, S00, 1
S00, Trade, 511.900, 100, B13, S00, 1
S00, Trade, 514.650, 99, B15, S00, 1
S00, Trade, 522.225, 106, S00, B11, 1
S00, Trade, 530.775, 104, S00, B11, 1
S00, Trade, 532.675, 106, S00, B19, 1
S00, Trade, 543.950, 100, B14, S00, 1
S00, Trade, 553.750, 107, S00, B19, 1
S00, Trade, 560.075, 107, S00, B16, 1
S00, Trade, 564.750, 102, B10, S00, 1
S00, Trade, 574.775, 99, B14, S00, 1
S00, Trade, 580.725, 110, S00, B19, 1
S00, Trade, 583.400, 106, S00, B17, 1
S00, Trade, 593.800, 100, S00, B18, 1
S00, Trade, 602.550, 101, S00, B11, 1
S00, Trade, 611.375, 101, S00, B19, 1
S00, Trade, 614.375, 99, B13, S00, 1
S00, Trade, 618.525, 101, S00, B16, 1
S00, Trade, 622.250, 104, S00, B18, 1
S00, Trade, 632.975, 102, B10, S00, 1
S00, Trade, 636.975, 99, B15, S00, 1
S00, Trade, 641.050, 103, B14, S00, 1
S00, Trade, 646.575, 102, B10, S00, 1
S00, Trade, 666.275, 101, S00, B15, 1
S00, Trade, 670.650, 106, S00, B16, 1
S00, Trade, 676.075, 106, S00, B19, 1
S00, Trade, 677.200, 104, B13, S00, 1
S00, Trade, 688.325, 105, S00, B19, 1
S00, Trade, 695.200, 103, S00, B19, 1
S00, Trade, 699.300, 105, S00, B11, 1
S00, Trade, 708.775, 107, B11, S00, 1
S00, Trade, 716.225, 105, S00, B18, 1
S00, Trade, 718.925, 106, S00, B19, 1
S00, Trade, 723.000, 104, B15, S00, 1
S00, Trade, 728.675, 100, S00, B14, 1
S00, Trade, 734.725, 103, S00, B16, 1
S00, Trade, 739.525, 105, S00, B19, 1
S00, Trade, 749.125, 102, B17, S00, 1
S00, Trade, 754.925, 102, S00, B16, 1
S00, Trade, 763.300, 100, S00, B19, 1
S00, Trade, 771.325, 105, B15, S00, 1
S00, Trade, 773.275, 103, B14, S00, 1
S00, Trade, 787.225, 106, B15, S00, 1
S00, Trade, 789.500, 100, B18, S00, 1
S00, Trade, 794.775, 110, S00, B19, 1
S00, Trade, 798.350, 107, S00, B11, 1
S00, Trade, 803.700, 101, S00, B13, 1
S00, Trade, 808.175, 95, B09, S00, 1
S00, Trade, 815.950, 101, S00, B16, 1
S00, Trade, 823.125, 100, S00, B10, 1
S00, Trade, 828.575, 106, S00, B11, 1
S00, Trade, 832.325, 103, B14, S00, 1
S00, Trade, 836.950, 102, S00, B19, 1
S00, Trade, 841.825, 98, S00, B19, 1
S00, Trade, 844.450, 98, S00, B13, 1
S00, Trade, 849.775, 93, S00, B16, 1
S00, Trade, 860.100, 100, S00, B19, 1
S01, 100
S01, Trade, 343.300, 99, B13, S01, 1
S01, Trade, 345.850, 98, B13, S01, 1
S01, Trade, 350.125, 99, B15, S01, 1
S01, Trade, 355.850, 98, B15, S01, 1
S01, Trade, 362.900, 97, B13, S01, 1
S01, Trade, 369.225, 98, B17, S01, 1
S01, Trade, 376.550, 102, B10, S01, 1
S01, Trade, 382.025, 101, B18, S01, 1
S01, Trade, 387.100, 100, B18, S01, 1
S01, Trade, 391.875, 97, B09, S01, 1
S01, Trade, 396.475, 101, B17, S01, 1
S01, Trade, 400.025, 98, B14, S01, 1
S01, Trade, 407.400, 96, B15, S01, 1
S01, Trade, 413.250, 98, B17, S01, 1
S01, Trade, 418.100, 101, B14, S01, 1
S01, Trade, 419.325, 100, B18, S01, 1
S01, Trade, 426.275, 103, B18, S01, 1
S01, Trade, 430.950, 92, B08, S01, 1
S01, Trade, 434.150, 96, B09, S01, 1
S01, Trade, 439.150, 99, B13, S01, 1
S01, Trade, 447.750, 97, B17, S01, 1
S01, Trade, 452.050, 99, B17, S01, 1
S01, Trade, 459.725, 100, B15, S01, 1
S01, Trade, 463.775, 100, B18, S01, 1
S01, Trade, 468.675, 94, B17, S01, 1
S01, Trade, 473.625, 95, B09, S01, 1
S01, Trade, 478.275, 107, B17, S01, 1
S01, Trade, 481.725, 97, B09, S01, 1
S01, Trade, 486.250, 107, B11, S01, 1
S01, Trade, 491.300, 105, B14, S01, 1
S01, Trade, 496.275, 100, B13, S01, 1
S01, Trade, 506.675, 103, B17, S01, 1
S01, Trade, 514.950, 99, B14, S01, 1
S01, Trade, 520.100, 99, B13, S01, 1
S01, Trade, 526.925, 107, B11, S01, 1
S01, Trade, 533.475, 104, B17, S01, 1
S01, Trade, 537.300, 102, B14, S01, 1
S01, Trade, 543.475, 100, B13, S01, 1
S01, Trade, 549.250, 107, B13, S01, 1
S01, Trade, 555.025, 107, B11, S01, 1
S01, Trade, 560.150, 100, B13, S01, 1
S01, Trade, 563.050, 103, B17, S01, 1
S01, Trade, 569.050, 97, B09, S01, 1
S01, Trade, 572.125, 104, B13, S01, 1
S01, Trade, 576.925, 93, B09, S01, 1
S01, Trade, 585.325, 102, B10, S01, 1
S01, Trade, 590.600, 102, B15, S01, 1
S01, Trade, 594.250, 100, B17, S01, 1
S01, Trade, 600.150, 102, B10, S01, 1
S01, Trade, 602.275, 79, B06, S01, 1
S01, Trade, 608.225, 101, B18, S01, 1
S01, Trade, 613.575, 99, B18, S01, 1
S01, Trade, 621.075, 102, B13, S01, 1
S01, Trade, 623.225, 102, B14, S01, 1
S01, Trade, 629.800, 103, B14, S01, 1
S01, Trade, 631.675, 102, B18, S01, 1
S01, Trade, 637.425, 100, B18, S01, 1
S01, Trade, 644.825, 98, B17, S01, 1
S01, Trade, 650.250, 99, B13, S01, 1
S01, Trade, 653.275, 101, B18, S01, 1
S01, Trade, 660.050, 102, B10, S01, 1
S01, Trade, 665.975, 102, B17, S01, 1
S01, Trade, 670.250, 107, B14, S01, 1
S01, Trade, 673.300, 98, B18, S01, 1
S01, Trade, 677.800, 102, B10, S01, 1
S01, Trade, 687.325, 102, B15, S01, 1
S01, Trade, 688.225, 103, B13, S01, 1
S01, Trade, 696.700, 100, B15, S01, 1
S01, Trade, 700.325, 102, B10, S01, 1
S01, Trade, 704.425, 108, B18, S01, 1
S01, Trade, 709.550, 106, B14, S01, 1
S01, Trade, 718.150, 104, B18, S01, 1
S01, Trade, 723.050, 102, B10, S01, 1
S01, Trade, 730.675, 92, B08, S01, 1
S01, Trade, 734.750, 99, B17, S01, 1
S01, Trade, 742.250, 97, B09, S01, 1
S01, Trade, 745.450, 101, B14, S01, 1
S01, Trade, 750.550, 100, B15, S01, 1
S01, Trade, 754.875, 99, B15, S01, 1
S01, Trade, 760.000, 100, B15, S01, 1
S01, Trade, 764.675, 100, B17, S01, 1
S01, Trade, 770.850, 105, B13, S01, 1
S01, Trade, 777.675, 92, B08, S01, 1
S01, Trade, 781.650, 91, B14, S01, 1
S01, Trade, 785.350, 107, B11, S01, 1
S01, Trade, 788.275, 102, B10, S01, 1
S01, Trade, 793.800, 107, B11, S01, 1
S01, Trade, 800.900, 106, B14, S01, 1
S01, Trade, 805.775, 101, B18, S01, 1
S01, Trade, 811.200, 98, B17, S01, 1
S01, Trade, 812.525, 101, B15, S01, 1
S01, Trade, 818.250, 99, B13, S01, 1
S01, Trade, 826.575, 97, B09, S01, 1
S01, Trade, 829.300, 101, B15, S01, 1
S01, Trade, 836.600, 102, B18, S01, 1
S01, Trade, 838.700, 100, B15, S01, 1
S01, Trade, 846.475, 92, B08, S01, 1
S01, Trade, 848.500, 92, B08, S01, 1
S01, Trade, 857.775, 98, B18, S01, 1
S01, Trade, 860.150, 98, B14, S01, 1
S02, 100
S02, Trade, 272.325, 105, S02, B12, 1
S02, Trade, 276.850, 108, S02, B16, 1
S02, Trade, 281.275, 104, B18, S02, 1
S02, Trade, 285.500, 104, S02, B18, 1
S02, Trade, 293.625, 102, B18, S02, 1
S02, Trade, 296.575, 107, B11, S02, 1
S02, Trade, 301.200, 89, S02, B08, 1
S02, Trade, 304.950, 108, B18, S02, 1
S02, Trade, 309.150, 105, S02, B14, 1
S02, Trade, 313.625, 100, S02, B13, 1
S02, Trade, 327.600, 101, S02, B19, 1
S02, Trade, 334.300, 99, S02, B19, 1
S02, Trade, 341.775, 100, S02, B19, 1
S02, Trade, 347.150, 98, S02, B11, 1
S02, Trade, 353.175, 101, S02, B19, 1
S02, Trade, 357.825, 101, S02, B11, 1
S02, Trade, 363.725, 100, S02, B19, 1
S02, Trade, 365.950, 94, S02, B15, 1
S02, Trade, 371.075, 101, S02, B11, 1
S02, Trade, 378.450, 102, S02, B17, 1
S02, Trade, 386.375, 102, S02, B11, 1
S02, Trade, 390.550, 101, S02, B15, 1
S02, Trade, 400.375, 99, S02, B17, 1
S02, Trade, 403.250, 99, S02, B10, 1
S02, Trade, 404.925, 100, S02, B19, 1
S02, Trade, 410.700, 101, S02, B17, 1
S02, Trade, 415.100, 99, S02, B16, 1
S02, Trade, 422.550, 103, B18, S02, 1
S02, Trade, 429.575, 101, B14, S02, 1
S02, Trade, 433.175, 99, S02, B10, 1
S02, Trade, 443.475, 97, B14, S02, 1
S02, Trade, 444.750, 98, S02, B12, 1
S02, Trade, 450.675, 98, S02, B18, 1
S02, Trade, 462.175, 100, S02, B15, 1
S02, Trade, 464.475, 101, S02, B18, 1
S02, Trade, 466.500, 96, S02, B19, 1
S02, Trade, 471.650, 95, S02, B13, 1
S02, Trade, 490.600, 104, S02, B15, 1
S02, Trade, 497.575, 102, S02, B16, 1
S02, Trade, 505.125, 98, S02, B11, 1
S02, Trade, 506.225, 97, B15, S02, 1
S02, Trade, 515.725, 99, S02, B11, 1
S02, Trade, 517.075, 101, S02, B10, 1
S02, Trade, 525.200, 105, B18, S02, 1
S02, Trade, 533.025, 106, S02, B16, 1
S02, Trade, 537.650, 104, S02, B19, 1
S02, Trade, 543.400, 102, S02, B12, 1
S02, Trade, 548.775, 111, S02, B17, 1
S02, Trade, 553.925, 106, B18, S02, 1
S02, Trade, 557.175, 103, B14, S02, 1
S02, Trade, 562.450, 103, S02, B19, 1
S02, Trade, 571.125, 105, B17, S02, 1
S02, Trade, 574.450, 100, S02, B18, 1
S02, Trade, 580.425, 104, B14, S02, 1
S02, Trade, 584.350, 106, S02, B11, 1
S02, Trade, 592.075, 99, S02, B19, 1
S02, Trade, 598.725, 101, B15, S02, 1
S02, Trade, 600.600, 103, B18, S02, 1
S02, Trade, 610.450, 101, S02, B11, 1
S02, Trade, 614.900, 100, S02, B16, 1
S02, Trade, 622.475, 105, S02, B11, 1
S02, Trade, 628.650, 103, B18, S02, 1
S02, Trade, 636.100, 102, S02, B19, 1
S02, Trade, 644.225, 100, S02, B11, 1
S02, Trade, 649.800, 102, S02, B12, 1
S02, Trade, 652.725, 103, S02, B11, 1
S02, Trade, 659.425, 103, B17, S02, 1
S02, Trade, 663.925, 108, B14, S02, 1
S02, Trade, 672.900, 105, S02, B11, 1
S02, Trade, 679.575, 101, S02, B16, 1
S02, Trade, 682.025, 102, S02, B11, 1
S02, Trade, 691.125, 102, S02, B11, 1
S02, Trade, 694.450, 101, B17, S02, 1
S02, Trade, 697.175, 102, S02, B19, 1
S02, Trade, 704.575, 107, B17, S02, 1
S02, Trade, 711.375, 107, S02, B17, 1
S02, Trade, 716.325, 105, S02, B12, 1
S02, Trade, 719.425, 107, B17, S02, 1
S02, Trade, 735.825, 101, S02, B18, 1
S02, Trade, 738.150, 103, B14, S02, 1
S02, Trade, 752.475, 101, S02, B11, 1
S02, Trade, 755.950, 101, S02, B11, 1
S02, Trade, 757.000, 100, S02, B10, 1
S02, Trade, 766.100, 107, B14, S02, 1
S02, Trade, 774.075, 102, S02, B11, 1
S02, Trade, 775.600, 101, S02, B19, 1
S02, Trade, 779.300, 82, S02, B12, 1
S02, Trade, 785.800, 107, B18, S02, 1
S02, Trade, 791.775, 109, B12, S02, 1
S02, Trade, 797.075, 110, S02, B12, 1
S02, Trade, 800.225, 107, S02, B17, 1
S02, Trade, 807.675, 96, S02, B14, 1
S02, Trade, 815.050, 101, S02, B16, 1
S02, Trade, 823.775, 100, S02, B12, 1
S02, Trade, 828.675, 108, S02, B19, 1
S02, Trade, 832.725, 105, S02, B12, 1
S02, Trade, 840.950, 99, S02, B11, 1
S02, Trade, 846.175, 93, B18, S02, 1
S02, Trade, 854.275, 104, B14, S02, 1
S02, Trade, 854.750, 104, S02, B16, 1
S03, 100
S03, Trade, 293.325, 102, B17, S03, 1
S03, Trade, 298.550, 107, S03, B11, 1
S03, Trade, 310.200, 103, S03, B12, 1
S03, Trade, 318.800, 106, S03, B12, 1
S03, Trade, 324.800, 101, B17, S03, 1
S03, Trade, 326.775, 101, B18, S03, 1
S03, Trade, 333.075, 97, B13, S03, 1
S03, Trade, 337.725, 102, B10, S03, 1
S03, Trade, 341.150, 100, S03, B17, 1
S03, Trade, 345.800, 100, S03, B16, 1
S03, Trade, 352.275, 100, S03, B19, 1
S03, Trade, 354.950, 101, S03, B18, 1
S03, Trade, 361.750, 99, S03, B19, 1
S03, Trade, 368.400, 104, S03, B16, 1
S03, Trade, 375.800, 103, B17, S03, 1
S03, Trade, 382.975, 101, S03, B10, 1
S03, Trade, 390.100, 101, S03, B13, 1
S03, Trade, 393.575, 101, S03, B16, 1
S03, Trade, 399.450, 100, S03, B11, 1
S03, Trade, 408.275, 99, S03, B16, 1
S03, Trade, 415.800, 98, S03, B11, 1
S03, Trade, 425.150, 104, S03, B19, 1
S03, Trade, 430.325, 80, B17, S03, 1
S03, Trade, 438.200, 100, S03, B14, 1
S03, Trade, 442.450, 98, S03, B18, 1
S03, Trade, 447.950, 101, S03, B16, 1
S03, Trade, 453.200, 100, S03, B16, 1
S03, Trade, 455.350, 98, B13, S03, 1
S03, Trade, 460.250, 102, S03, B19, 1
S03, Trade, 468.200, 97, S03, B11, 1
S03, Trade, 472.625, 104, S03, B19, 1
S03, Trade, 480.450, 105, B15, S03, 1
S03, Trade, 489.625, 105, B14, S03, 1
S03, Trade, 492.075, 105, S03, B16, 1
S03, Trade, 499.650, 101, S03, B18, 1
S03, Trade, 502.975, 98, B14, S03, 1
S03, Trade, 508.300, 104, S03, B19, 1
S03, Trade, 512.250, 100, S03, B10, 1
S03, Trade, 519.700, 100, B17, S03, 1
S03, Trade, 524.275, 105, S03, B12, 1
S03, Trade, 530.425, 104, B15, S03, 1
S03, Trade, 540.225, 101, B13, S03, 1
S03, Trade, 546.725, 106, S03, B16, 1
S03, Trade, 549.200, 110, B14, S03, 1
S03, Trade, 554.225, 105, B14, S03, 1
S03, Trade, 556.800, 103, S03, B15, 1
S03, Trade, 565.125, 102, B13, S03, 1
S03, Trade, 567.800, 110, S03, B14, 1
S03, Trade, 575.100, 101, S03, B10, 1
S03, Trade, 578.950, 106, S03, B19, 1
S03, Trade, 581.900, 105, B18, S03, 1
S03, Trade, 588.300, 103, B17, S03, 1
S03, Trade, 591.500, 101, B13, S03, 1
S03, Trade, 598.700, 102, S03, B14, 1
S03, Trade, 604.250, 101, S03, B10, 1
S03, Trade, 610.875, 100, S03, B10, 1
S03, Trade, 614.675, 99, S03, B17, 1
S03, Trade, 618.475, 100, S03, B12, 1
S03, Trade, 625.825, 101, B15, S03, 1
S03, Trade, 627.650, 106, S03, B11, 1
S03, Trade, 641.400, 110, S03, B19, 1
S03, Trade, 645.025, 99, S03, B16, 1
S03, Trade, 650.850, 106, S03, B11, 1
S03, Trade, 656.900, 106, S03, B11, 1
S03, Trade, 658.850, 104, S03, B18, 1
S03, Trade, 664.900, 107, B11, S03, 1
S03, Trade, 670.500, 106, B15, S03, 1
S03, Trade, 672.300, 105, S03, B15, 1
S03, Trade, 677.050, 105, B18, S03, 1
S03, Trade, 686.425, 106, S03, B16, 1
S03, Trade, 689.950, 104, B14, S03, 1
S03, Trade, 694.050, 100, B13, S03, 1
S03, Trade, 705.250, 106, B13, S03, 1
S03, Trade, 709.800, 106, S03, B19, 1
S03, Trade, 715.100, 105, S03, B17, 1
S03, Trade, 722.400, 105, B14, S03, 1
S03, Trade, 726.775, 104, S03, B11, 1
S03, Trade, 730.300, 100, S03, B15, 1
S03, Trade, 739.625, 106, S03, B11, 1
S03, Trade, 745.700, 105, S03, B11, 1
S03, Trade, 748.025, 102, B10, S03, 1
S03, Trade, 755.925, 99, B13, S03, 1
S03, Trade, 760.725, 99, B18, S03, 1
S03, Trade, 765.125, 110, B12, S03, 1
S03, Trade, 772.225, 105, S03, B17, 1
S03, Trade, 776.675, 100, B15, S03, 1
S03, Trade, 787.750, 107, S03, B12, 1
S03, Trade, 788.950, 106, S03, B16, 1
S03, Trade, 801.075, 106, B13, S03, 1
S03, Trade, 801.950, 107, S03, B19, 1
S03, Trade, 806.650, 104, S03, B19, 1
S03, Trade, 816.350, 105, S03, B19, 1
S03, Trade, 821.900, 101, S03, B10, 1
S03, Trade, 827.550, 104, S03, B17, 1
S03, Trade, 832.700, 105, S03, B16, 1
S03, Trade, 836.900, 101, B15, S03, 1
S03, Trade, 846.850, 94, B15, S03, 1
S03, Trade, 855.425, 102, B10, S03, 1
S03, Trade, 857.975, 102, S03, B11, 1
S03, Trade, 860.000, 99, S03, B15, 1
S04, 100
S04, Trade, 240.350, 104, B13, S04, 1
S04, Trade, 246.000, 104, S04, B12, 1
S04, Trade, 249.725, 101, S04, B10, 1
S04, Trade, 260.925, 104, S04, B11, 1
S04, Trade, 266.550, 106, S04, B19, 1
S04, Trade, 268.875, 106, S04, B19, 1
S04, Trade, 280.575, 106, S04, B16, 1
S04, Trade, 289.275, 103, B17, S04, 1
S04, Trade, 290.400, 102, B14, S04, 1
S04, Trade, 303.550, 100, S04, B19, 1
S04, Trade, 311.050, 102, B10, S04, 1
S04, Trade, 314.600, 101, S04, B10, 1
S04, Trade, 321.525, 105, S04, B19, 1
S04, Trade, 329.650, 101, S04, B11, 1
S04, Trade, 339.025, 101, S04, B18, 1
S04, Trade, 339.875, 100, B15, S04, 1
S04, Trade, 349.550, 100, B14, S04, 1
S04, Trade, 352.050, 98, B13, S04, 1
S04, Trade, 357.075, 99, S04, B10, 1
S04, Trade, 361.250, 98, B17, S04, 1
S04, Trade, 366.275, 95, S04, B16, 1
S04, Trade, 370.975, 100, S04, B19, 1
S04, Trade, 376.750, 101, B15, S04, 1
S04, Trade, 386.800, 101, S04, B10, 1
S04, Trade, 389.050, 103, S04, B14, 1
S04, Trade, 398.200, 101, B18, S04, 1
S04, Trade, 399.050, 100, B13, S04, 1
S04, Trade, 405.425, 99, S04, B11, 1
S04, Trade, 410.225, 100, S04, B19, 1
S04, Trade, 418.575, 103, S04, B16, 1
S04, Trade, 422.850, 105, S04, B11, 1
S04, Trade, 427.675, 102, B13, S04, 1
S04, Trade, 433.900, 106, S04, B19, 1
S04, Trade, 439.200, 101, S04, B10, 1
S04, Trade, 444.550, 98, S04, B11, 1
S04, Trade, 452.200, 101, S04, B10, 1
S04, Trade, 458.050, 103, B14, S04, 1
S04, Trade, 464.425, 101, S04, B10, 1
S04, Trade, 470.500, 97, S04, B14, 1
S04, Trade, 479.625, 107, B14, S04, 1
S04, Trade, 488.850, 106, B17, S04, 1
S04, Trade, 490.975, 105, S04, B19, 1
S04, Trade, 495.750, 101, S04, B19, 1
S04, Trade, 504.250, 98, B18, S04, 1
S04, Trade, 509.100, 103, S04, B16, 1
S04, Trade, 515.125, 99, B13, S04, 1
S04, Trade, 519.025, 100, B18, S04, 1
S04, Trade, 524.550, 107, S04, B19, 1
S04, Trade, 529.550, 105, B17, S04, 1
S04, Trade, 534.050, 104, S04, B18, 1
S04, Trade, 535.025, 104, B17, S04, 1
S04, Trade, 544.675, 105, S04, B19, 1
S04, Trade, 551.650, 107, B15, S04, 1
S04, Trade, 556.775, 102, B10, S04, 1
S04, Trade, 571.200, 106, S04, B19, 1
S04, Trade, 577.475, 97, S04, B16, 1
S04, Trade, 586.350, 111, S04, B19, 1
S04, Trade, 590.050, 103, B18, S04, 1
S04, Trade, 595.850, 107, B11, S04, 1
S04, Trade, 603.775, 101, B18, S04, 1
S04, Trade, 610.100, 100, B14, S04, 1
S04, Trade, 619.100, 99, B14, S04, 1
S04, Trade, 625.275, 102, B10, S04, 1
S04, Trade, 635.750, 102, S04, B11, 1
S04, Trade, 641.075, 103, B13, S04, 1
S04, Trade, 645.425, 100, S04, B15, 1
S04, Trade, 649.050, 102, S04, B19, 1
S04, Trade, 660.150, 104, S04, B19, 1
S04, Trade, 666.900, 111, B12, S04, 1
S04, Trade, 669.950, 107, B17, S04, 1
S04, Trade, 678.225, 103, S04, B12, 1
S04, Trade, 686.900, 105, S04, B17, 1
S04, Trade, 696.600, 102, S04, B10, 1
S04, Trade, 705.650, 106, B15, S04, 1
S04, Trade, 709.025, 107, S04, B16, 1
S04, Trade, 716.675, 106, S04, B11, 1
S04, Trade, 723.325, 104, B15, S04, 1
S04, Trade, 727.825, 100, B18, S04, 1
S04, Trade, 730.475, 100, S04, B10, 1
S04, Trade, 735.875, 99, B13, S04, 1
S04, Trade, 738.975, 104, B18, S04, 1
S04, Trade, 750.475, 101, S04, B18, 1
S04, Trade, 755.700, 100, S04, B17, 1
S04, Trade, 767.875, 108, S04, B18, 1
S04, Trade, 772.725, 104, B13, S04, 1
S04, Trade, 774.325, 102, S04, B10, 1
S04, Trade, 778.675, 80, S04, B17, 1
S04, Trade, 786.175, 106, B17, S04, 1
S04, Trade, 790.075, 101, S04, B13, 1
S04, Trade, 794.950, 112, S04, B16, 1
S04, Trade, 805.350, 111, S04, B16, 1
S04, Trade, 807.900, 95, S04, B19, 1
S04, Trade, 813.600, 101, S04, B18, 1
S04, Trade, 822.050, 100, B18, S04, 1
S04, Trade, 828.500, 103, B18, S04, 1
S04, Trade, 836.500, 103, S04, B16, 1
S04, Trade, 840.550, 97, B09, S04, 1
S04, Trade, 845.850, 94, S04, B19, 1
S04, Trade, 853.325, 106, S04, B16, 1
S04, Trade, 857.400, 102, S04, B11, 1
S05, 42
S05, Trade, 37.400, 109, B12, S05, 1
S05, Trade, 54.175, 92, B08, S05, 1
S05, Trade, 84.650, 100, B15, S05, 1
S05, Trade, 96.325, 98, B17, S05, 1
S05, Trade, 117.050, 100, B14, S05, 1
S05, Trade, 120.775, 103, B13, S05, 1
S05, Trade, 152.525, 108, B17, S05, 1
S05, Trade, 153.675, 108, B18, S05, 1
S05, Trade, 182.650, 97, B09, S05, 1
S05, Trade, 200.575, 92, B08, S05, 1
S05, Trade, 214.100, 97, B09, S05, 1
S05, Trade, 223.975, 97, B12, S05, 1
S05, Trade, 231.750, 98, B14, S05, 1
S05, Trade, 273.000, 104, S05, B14, 1
S05, Trade, 291.850, 101, B13, S05, 1
S05, Trade, 297.550, 102, B10, S05, 1
S05, Trade, 307.350, 106, B15, S05, 1
S05, Trade, 312.675, 97, B09, S05, 1
S05, Trade, 338.175, 101, B14, S05, 1
S05, Trade, 350.900, 98, B18, S05, 1
S05, Trade, 364.500, 97, B15, S05, 1
S05, Trade, 393.925, 98, B14, S05, 1
S05, Trade, 408.575, 96, B14, S05, 1
S05, Trade, 443.775, 96, B15, S05, 1
S05, Trade, 477.925, 106, B14, S05, 1
S05, Trade, 482.600, 103, B17, S05, 1
S05, Trade, 484.975, 108, B14, S05, 1
S05, Trade, 492.675, 102, B10, S05, 1
S05, Trade, 508.875, 101, S05, B14, 1
S05, Trade, 583.700, 104, B13, S05, 1
S05, Trade, 598.650, 101, B13, S05, 1
S05, Trade, 601.675, 97, B09, S05, 1
S05, Trade, 606.525, 100, S05, B19, 1
S05, Trade, 620.675, 102, B17, S05, 1
S05, Trade, 630.250, 102, B10, S05, 1
S05, Trade, 706.800, 97, B09, S05, 1
S05, Trade, 747.125, 102, B10, S05, 1
S05, Trade, 757.525, 98, B13, S05, 1
S05, Trade, 776.600, 95, B16, S05, 1
S05, Trade, 819.800, 98, B15, S05, 1
S05, Trade, 843.925, 98, B18, S05, 1
S05, Trade, 847.475, 102, B10, S05, 1
S06, 100
S06, Trade, 344.400, 97, B09, S06, 1
S06, Trade, 348.900, 101, B17, S06, 1
S06, Trade, 359.225, 97, B09, S06, 1
S06, Trade, 363.750, 97, B14, S06, 1
S06, Trade, 366.750, 95, B13, S06, 1
S06, Trade, 368.700, 98, B18, S06, 1
S06, Trade, 373.900, 102, B14, S06, 1
S06, Trade, 383.250, 100, B15, S06, 1
S06, Trade, 393.475, 99, B17, S06, 1
S06, Trade, 395.700, 102, B10, S06, 1
S06, Trade, 400.600, 98, B15, S06, 1
S06, Trade, 405.775, 97, B13, S06, 1
S06, Trade, 411.375, 98, B15, S06, 1
S06, Trade, 415.075, 97, B09, S06, 1
S06, Trade, 421.800, 100, B13, S06, 1
S06, Trade, 427.050, 103, B17, S06, 1
S06, Trade, 430.450, 81, S06, B13, 1
S06, Trade, 436.225, 100, B18, S06, 1
S06, Trade, 441.825, 97, B09, S06, 1
S06, Trade, 444.875, 96, B13, S06, 1
S06, Trade, 454.850, 99, B14, S06, 1
S06, Trade, 458.500, 107, B11, S06, 1
S06, Trade, 463.925, 101, B17, S06, 1
S06, Trade, 468.800, 92, B08, S06, 1
S06, Trade, 475.225, 107, B11, S06, 1
S06, Trade, 476.100, 103, B13, S06, 1
S06, Trade, 480.175, 106, B18, S06, 1
S06, Trade, 486.500, 105, B13, S06, 1
S06, Trade, 491.125, 107, B11, S06, 1
S06, Trade, 498.400, 97, B09, S06, 1
S06, Trade, 500.650, 100, B17, S06, 1
S06, Trade, 510.650, 100, B17, S06, 1
S06, Trade, 517.825, 98, B14, S06, 1
S06, Trade, 522.825, 100, B14, S06, 1
S06, Trade, 532.000, 102, B13, S06, 1
S06, Trade, 536.325, 102, B10, S06, 1
S06, Trade, 542.125, 101, B15, S06, 1
S06, Trade, 545.025, 99, B17, S06, 1
S06, Trade, 552.750, 106, B17, S06, 1
S06, Trade, 557.375, 93, B09, S06, 1
S06, Trade, 561.175, 104, B17, S06, 1
S06, Trade, 567.825, 107, B11, S06, 1
S06, Trade, 572.775, 98, B17, S06, 1
S06, Trade, 576.075, 95, B18, S06, 1
S06, Trade, 585.150, 104, B14, S06, 1
S06, Trade, 587.450, 97, B09, S06, 1
S06, Trade, 590.125, 102, B10, S06, 1
S06, Trade, 601.025, 103, B17, S06, 1
S06, Trade, 602.000, 92, B08, S06, 1
S06, Trade, 606.075, 99, B17, S06, 1
S06, Trade, 611.450, 99, B15, S06, 1
S06, Trade, 616.675, 99, B18, S06, 1
S06, Trade, 623.825, 103, B17, S06, 1
S06, Trade, 629.400, 103, B17, S06, 1
S06, Trade, 634.450, 103, B14, S06, 1
S06, Trade, 636.375, 94, B09, S06, 1
S06, Trade, 642.900, 100, B18, S06, 1
S06, Trade, 649.500, 100, B15, S06, 1
S06, Trade, 652.575, 101, B17, S06, 1
S06, Trade, 659.650, 102, B15, S06, 1
S06, Trade, 663.675, 106, B13, S06, 1
S06, Trade, 665.675, 105, B13, S06, 1
S06, Trade, 675.275, 102, B14, S06, 1
S06, Trade, 678.200, 97, B09, S06, 1
S06, Trade, 684.825, 102, B10, S06, 1
S06, Trade, 690.850, 100, B16, S06, 1
S06, Trade, 695.700, 101, B18, S06, 1
S06, Trade, 699.075, 99, B13, S06, 1
S06, Trade, 705.875, 102, B10, S06, 1
S06, Trade, 709.625, 105, B15, S06, 1
S06, Trade, 716.575, 104, B15, S06, 1
S06, Trade, 724.900, 104, B17, S06, 1
S06, Trade, 729.800, 97, B09, S06, 1
S06, Trade, 732.325, 98, B15, S06, 1
S06, Trade, 740.475, 103, B17, S06, 1
S06, Trade, 745.650, 100, B15, S06, 1
S06, Trade, 749.700, 101, B14, S06, 1
S06, Trade, 754.700, 100, B12, S06, 1
S06, Trade, 760.900, 92, B08, S06, 1
S06, Trade, 766.625, 107, B11, S06, 1
S06, Trade, 769.300, 106, B14, S06, 1
S06, Trade, 774.950, 92, B08, S06, 1
S06, Trade, 778.800, 81, S06, B07, 1
S06, Trade, 783.575, 104, B18, S06, 1
S06, Trade, 791.050, 101, B14, S06, 1
S06, Trade, 795.800, 107, B18, S06, 1
S06, Trade, 802.175, 103, B18, S06, 1
S06, Trade, 807.375, 94, B17, S06, 1
S06, Trade, 809.250, 92, B08, S06, 1
S06, Trade, 817.275, 100, B14, S06, 1
S06, Trade, 818.750, 98, B17, S06, 1
S06, Trade, 823.875, 116, B16, S06, 1
S06, Trade, 830.150, 103, B17, S06, 1
S06, Trade, 835.475, 102, B10, S06, 1
S06, Trade, 839.450, 100, B14, S06, 1
S06, Trade, 844.025, 98, B14, S06, 1
S06, Trade, 852.600, 103, B17, S06, 1
S06, Trade, 858.950, 99, B17, S06, 1
S06, Trade, 860.450, 97, B09, S06, 1
S06, Trade, 863.425, 96, B13, S06, 1
S07, 29
S07, Trade, 9.125, 105, B14, S07, 1
S07, Trade, 15.150, 103, B18, S07, 1
S07, Trade, 22.025, 97, B09, S07, 1
S07, Trade, 29.550, 99, B13, S07, 1
S07, Trade, 78.075, 103, B14, S07, 1
S07, Trade, 95.950, 100, B15, S07, 1
S07, Trade, 98.500, 92, S07, B08, 1
S07, Trade, 144.175, 101, B15, S07, 1
S07, Trade, 197.975, 106, B15, S07, 1
S07, Trade, 223.925, 97, B09, S07, 1
S07, Trade, 228.075, 98, S07, B17, 1
S07, Trade, 235.600, 97, B09, S07, 1
S07, Trade, 239.550, 105, B18, S07, 1
S07, Trade, 271.900, 102, B10, S07, 1
S07, Trade, 297.025, 93, B12, S07, 1
S07, Trade, 382.400, 102, S07, B19, 1
S07, Trade, 407.375, 97, B09, S07, 1
S07, Trade, 520.400, 99, B15, S07, 1
S07, Trade, 554.975, 104, B13, S07, 1
S07, Trade, 574.025, 97, B09, S07, 1
S07, Trade, 604.375, 99, B16, S07, 1
S07, Trade, 688.450, 102, B10, S07, 1
S07, Trade, 726.400, 103, B13, S07, 1
S07, Trade, 806.350, 97, B09, S07, 1
S07, Trade, 810.300, 107, B11, S07, 1
S07, Trade, 814.425, 100, B15, S07, 1
S07, Trade, 822.175, 99, B14, S07, 1
S07, Trade, 848.000, 94, B09, S07, 1
S07, Trade, 856.350, 101, B15, S07, 1
S08, 100
S08, Trade, 262.525, 103, B17, S08, 1
S08, Trade, 268.975, 107, S08, B16, 1
S08, Trade, 276.750, 105, B14, S08, 1
S08, Trade, 284.375, 105, S08, B11, 1
S08, Trade, 287.775, 105, S08, B11, 1
S08, Trade, 292.475, 103, S08, B19, 1
S08, Trade, 301.325, 92, S08, B15, 1
S08, Trade, 306.750, 107, S08, B17, 1
S08, Trade, 311.775, 103, S08, B11, 1
S08, Trade, 316.875, 101, S08, B16, 1
S08, Trade, 323.675, 104, S08, B11, 1
S08, Trade, 329.750, 100, B18, S08, 1
S08, Trade, 333.250, 99, S08, B19, 1
S08, Trade, 342.875, 100, S08, B10, 1
S08, Trade, 346.575, 99, S08, B12, 1
S08, Trade, 352.925, 100, S08, B10, 1
S08, Trade, 360.775, 99, S08, B18, 1
S08, Trade, 362.100, 99, S08, B10, 1
S08, Trade, 365.325, 97, S08, B12, 1
S08, Trade, 371.400, 104, B12, S08, 1
S08, Trade, 379.625, 103, S08, B16, 1
S08, Trade, 382.475, 101, B14, S08, 1
S08, Trade, 386.925, 102, S08, B16, 1
S08, Trade, 389.575, 104, S08, B17, 1
S08, Trade, 396.450, 102, S08, B18, 1
S08, Trade, 402.725, 99, S08, B19, 1
S08, Trade, 405.850, 100, S08, B10, 1
S08, Trade, 411.325, 101, S08, B18, 1
S08, Trade, 418.050, 102, B10, S08, 1
S08, Trade, 423.725, 104, S08, B12, 1
S08, Trade, 429.975, 101, S08, B11, 1
S08, Trade, 435.000, 101, S08, B11, 1
S08, Trade, 441.250, 98, S08, B17, 1
S08, Trade, 451.375, 99, S08, B11, 1
S08, Trade, 455.775, 98, B18, S08, 1
S08, Trade, 458.200, 104, S08, B19, 1
S08, Trade, 467.725, 95, S08, B09, 1
S08, Trade, 471.050, 96, B15, S08, 1
S08, Trade, 478.050, 109, S08, B19, 1
S08, Trade, 483.650, 110, B18, S08, 1
S08, Trade, 490.650, 104, S08, B13, 1
S08, Trade, 495.325, 101, S08, B10, 1
S08, Trade, 500.225, 102, S08, B19, 1
S08, Trade, 511.850, 101, S08, B11, 1
S08, Trade, 514.375, 100, B18, S08, 1
S08, Trade, 517.975, 101, S08, B19, 1
S08, Trade, 524.475, 104, B18, S08, 1
S08, Trade, 528.925, 108, S08, B19, 1
S08, Trade, 531.850, 104, B15, S08, 1
S08, Trade, 540.275, 102, S08, B18, 1
S08, Trade, 544.400, 101, S08, B16, 1
S08, Trade, 554.350, 106, S08, B16, 1
S08, Trade, 563.925, 103, S08, B18, 1
S08, Trade, 565.550, 103, S08, B16, 1
S08, Trade, 566.950, 109, B18, S08, 1
S08, Trade, 577.750, 98, S08, B11, 1
S08, Trade, 584.400, 107, S08, B16, 1
S08, Trade, 594.550, 101, S08, B15, 1
S08, Trade, 599.050, 102, S08, B19, 1
S08, Trade, 605.725, 101, S08, B10, 1
S08, Trade, 615.950, 100, S08, B19, 1
S08, Trade, 621.750, 105, S08, B19, 1
S08, Trade, 625.375, 102, B13, S08, 1
S08, Trade, 627.100, 102, S08, B16, 1
S08, Trade, 637.200, 101, S08, B10, 1
S08, Trade, 639.600, 104, B17, S08, 1
S08, Trade, 648.725, 102, S08, B10, 1
S08, Trade, 652.175, 102, S08, B10, 1
S08, Trade, 666.675, 101, S08, B13, 1
S08, Trade, 675.000, 105, S08, B17, 1
S08, Trade, 680.300, 102, S08, B18, 1
S08, Trade, 683.450, 104, S08, B19, 1
S08, Trade, 689.575, 104, S08, B11, 1
S08, Trade, 692.000, 99, S08, B13, 1
S08, Trade, 702.875, 105, B14, S08, 1
S08, Trade, 710.225, 107, S08, B11, 1
S08, Trade, 724.000, 105, S08, B11, 1
S08, Trade, 727.275, 104, S08, B19, 1
S08, Trade, 736.025, 100, S08, B12, 1
S08, Trade, 737.925, 104, B17, S08, 1
S08, Trade, 743.275, 106, S08, B19, 1
S08, Trade, 751.175, 100, S08, B17, 1
S08, Trade, 756.625, 101, S08, B10, 1
S08, Trade, 762.000, 100, S08, B19, 1
S08, Trade, 766.725, 108, S08, B16, 1
S08, Trade, 776.475, 96, B09, S08, 1
S08, Trade, 780.400, 99, S08, B11, 1
S08, Trade, 785.525, 107, S08, B14, 1
S08, Trade, 792.525, 108, S08, B17, 1
S08, Trade, 803.475, 100, S08, B12, 1
S08, Trade, 808.375, 96, S08, B11, 1
S08, Trade, 811.050, 102, B10, S08, 1
S08, Trade, 817.400, 105, S08, B11, 1
S08, Trade, 826.825, 101, S08, B13, 1
S08, Trade, 837.825, 102, S08, B11, 1
S08, Trade, 839.250, 101, B17, S08, 1
S08, Trade, 844.850, 97, S08, B10, 1
S08, Trade, 850.850, 93, S08, B14, 1
S08, Trade, 856.175, 102, B13, S08, 1
S08, Trade, 860.825, 100, S08, B10, 1
S09, 19
S09, Trade, 11.625, 105, B14, S09, 1
S09, Trade, 16.375, 101, B13, S09, 1
S09, Trade, 145.000, 104, B14, S09, 1
S09, Trade, 199.100, 102, B10, S09, 1
S09, Trade, 242.075, 102, B10, S09, 1
S09, Trade, 317.275, 100, B18, S09, 1
S09, Trade, 458.575, 102, B10, S09, 1
S09, Trade, 485.175, 109, S09, B19, 1
S09, Trade, 489.400, 105, B13, S09, 1
S09, Trade, 494.000, 100, S09, B18, 1
S09, Trade, 527.025, 105, B13, S09, 1
S09, Trade, 539.825, 102, B18, S09, 1
S09, Trade, 552.350, 106, S09, B15, 1
S09, Trade, 568.400, 107, B15, S09, 1
S09, Trade, 572.325, 103, B15, S09, 1
S09, Trade, 591.550, 101, B14, S09, 1
S09, Trade, 633.725, 103, S09, B17, 1
S09, Trade, 742.550, 100, B13, S09, 1
S09, Trade, 801.875, 105, B15, S09, 1
S10, 100
S10, Trade, 266.300, 102, B15, S10, 1
S10, Trade, 277.975, 105, B15, S10, 1
S10, Trade, 279.300, 102, S10, B15, 1
S10, Trade, 286.200, 102, B15, S10, 1
S10, Trade, 295.200, 102, S10, B18, 1
S10, Trade, 302.000, 102, B10, S10, 1
S10, Trade, 306.250, 107, B11, S10, 1
S10, Trade, 317.900, 102, S10, B11, 1
S10, Trade, 321.775, 102, B10, S10, 1
S10, Trade, 328.475, 102, S10, B17, 1
S10, Trade, 330.775, 102, S10, B10, 1
S10, Trade, 335.725, 102, S10, B11, 1
S10, Trade, 348.225, 102, S10, B18, 1
S10, Trade, 355.050, 102, S10, B11, 1
S10, Trade, 363.000, 102, S10, B16, 1
S10, Trade, 367.950, 102, S10, B11, 1
S10, Trade, 372.500, 102, S10, B17, 1
S10, Trade, 377.300, 102, S10, B19, 1
S10, Trade, 385.975, 102, S10, B19, 1
S10, Trade, 391.300, 102, S10, B19, 1
S10, Trade, 394.650, 102, S10, B19, 1
S10, Trade, 396.575, 102, S10, B11, 1
S10, Trade, 403.950, 102, S10, B16, 1
S10, Trade, 409.350, 102, S10, B10, 1
S10, Trade, 416.825, 102, S10, B19, 1
S10, Trade, 421.100, 102, S10, B10, 1
S10, Trade, 424.725, 103, B17, S10, 1
S10, Trade, 430.125, 102, S10, B10, 1
S10, Trade, 435.725, 102, S10, B19, 1
S10, Trade, 447.325, 102, S10, B10, 1
S10, Trade, 453.250, 102, S10, B19, 1
S10, Trade, 456.950, 102, S10, B12, 1
S10, Trade, 464.025, 102, S10, B11, 1
S10, Trade, 468.700, 102, S10, B10, 1
S10, Trade, 472.425, 102, S10, B11, 1
S10, Trade, 475.475, 103, B15, S10, 1
S10, Trade, 481.225, 107, B11, S10, 1
S10, Trade, 484.050, 108, B12, S10, 1
S10, Trade, 495.800, 102, S10, B11, 1
S10, Trade, 503.600, 102, S10, B10, 1
S10, Trade, 507.275, 102, B10, S10, 1
S10, Trade, 515.925, 102, S10, B19, 1
S10, Trade, 520.650, 102, S10, B12, 1
S10, Trade, 524.050, 102, S10, B10, 1
S10, Trade, 528.075, 105, B14, S10, 1
S10, Trade, 531.050, 102, B10, S10, 1
S10, Trade, 535.125, 103, B14, S10, 1
S10, Trade, 547.600, 113, B12, S10, 1
S10, Trade, 550.550, 108, B18, S10, 1
S10, Trade, 561.475, 102, B15, S10, 1
S10, Trade, 568.900, 102, B10, S10, 1
S10, Trade, 580.250, 105, B17, S10, 1
S10, Trade, 583.850, 104, B15, S10, 1
S10, Trade, 586.775, 107, B11, S10, 1
S10, Trade, 595.000, 102, S10, B10, 1
S10, Trade, 599.600, 102, S10, B11, 1
S10, Trade, 601.350, 102, B13, S10, 1
S10, Trade, 612.000, 102, S10, B11, 1
S10, Trade, 619.175, 102, S10, B10, 1
S10, Trade, 626.025, 102, S10, B19, 1
S10, Trade, 630.075, 102, B15, S10, 1
S10, Trade, 634.825, 102, B13, S10, 1
S10, Trade, 642.100, 102, S10, B11, 1
S10, Trade, 645.900, 102, S10, B12, 1
S10, Trade, 649.175, 102, S10, B16, 1
S10, Trade, 655.425, 102, S10, B16, 1
S10, Trade, 663.000, 111, B16, S10, 1
S10, Trade, 665.600, 105, B12, S10, 1
S10, Trade, 667.925, 108, B18, S10, 1
S10, Trade, 672.275, 102, B10, S10, 1
S10, Trade, 681.600, 102, S10, B17, 1
S10, Trade, 685.750, 104, B14, S10, 1
S10, Trade, 689.650, 104, B18, S10, 1
S10, Trade, 694.175, 102, S10, B16, 1
S10, Trade, 699.750, 102, S10, B16, 1
S10, Trade, 702.725, 103, B18, S10, 1
S10, Trade, 711.125, 106, B18, S10, 1
S10, Trade, 711.825, 104, B13, S10, 1
S10, Trade, 718.325, 104, B14, S10, 1
S10, Trade, 733.600, 102, S10, B11, 1
S10, Trade, 739.025, 102, B10, S10, 1
S10, Trade, 742.025, 102, B10, S10, 1
S10, Trade, 744.100, 102, B18, S10, 1
S10, Trade, 751.225, 102, S10, B19, 1
S10, Trade, 752.750, 102, S10, B19, 1
S10, Trade, 763.475, 102, S10, B10, 1
S10, Trade, 768.425, 106, B17, S10, 1
S10, Trade, 777.425, 102, B10, S10, 1
S10, Trade, 790.525, 102, S10, B17, 1
S10, Trade, 796.525, 107, B11, S10, 1
S10, Trade, 804.000, 102, S10, B10, 1
S10, Trade, 804.975, 103, B14, S10, 1
S10, Trade, 811.100, 103, B12, S10, 1
S10, Trade, 816.200, 102, S10, B10, 1
S10, Trade, 823.500, 102, S10, B11, 1
S10, Trade, 825.375, 108, B14, S10, 1
S10, Trade, 830.400, 102, B10, S10, 1
S10, Trade, 835.175, 102, B13, S10, 1
S10, Trade, 843.425, 102, S10, B11, 1
S10, Trade, 850.875, 102, S10, B11, 1
S11, 68
S11, Trade, 8.200, 109, S11, B19, 1
S11, Trade, 17.200, 107, S11, B11, 1
S11, Trade, 36.350, 107, S11, B11, 1
S11, Trade, 99.900, 107, S11, B11, 1
S11, Trade, 126.625, 107, S11, B19, 1
S11, Trade, 131.825, 107, S11, B16, 1
S11, Trade, 141.550, 107, S11, B12, 1
S11, Trade, 143.875, 107, S11, B19, 1
S11, Trade, 151.325, 107, S11, B16, 1
S11, Trade, 162.375, 107, S11, B16, 1
S11, Trade, 165.525, 107, S11, B19, 1
S11, Trade, 170.350, 107, S11, B19, 1
S11, Trade, 178.900, 107, S11, B17, 1
S11, Trade, 180.175, 107, S11, B11, 1
S11, Trade, 191.125, 107, S11, B19, 1
S11, Trade, 212.500, 107, S11, B16, 1
S11, Trade, 234.550, 107, S11, B16, 1
S11, Trade, 266.825, 107, S11, B11, 1
S11, Trade, 272.425, 107, S11, B11, 1
S11, Trade, 277.475, 108, S11, B19, 1
S11, Trade, 294.800, 107, S11, B12, 1
S11, Trade, 301.475, 107, S11, B19, 1
S11, Trade, 305.325, 107, B16, S11, 1
S11, Trade, 312.200, 107, S11, B19, 1
S11, Trade, 319.475, 107, S11, B11, 1
S11, Trade, 329.875, 109, S11, B16, 1
S11, Trade, 387.650, 107, S11, B12, 1
S11, Trade, 391.750, 107, S11, B11, 1
S11, Trade, 396.800, 107, S11, B16, 1
S11, Trade, 432.075, 107, S11, B16, 1
S11, Trade, 457.500, 107, S11, B16, 1
S11, Trade, 474.025, 107, S11, B12, 1
S11, Trade, 479.375, 108, S11, B12, 1
S11, Trade, 525.725, 108, S11, B17, 1
S11, Trade, 540.350, 107, S11, B11, 1
S11, Trade, 546.875, 107, S11, B11, 1
S11, Trade, 557.275, 107, S11, B11, 1
S11, Trade, 569.600, 107, S11, B19, 1
S11, Trade, 571.575, 107, S11, B16, 1
S11, Trade, 579.550, 107, S11, B11, 1
S11, Trade, 581.575, 108, S11, B12, 1
S11, Trade, 606.375, 107, S11, B12, 1
S11, Trade, 619.675, 107, S11, B11, 1
S11, Trade, 639.000, 107, S11, B19, 1
S11, Trade, 653.325, 108, S11, B19, 1
S11, Trade, 661.525, 108, S11, B19, 1
S11, Trade, 665.250, 107, S11, B16, 1
S11, Trade, 676.300, 107, S11, B11, 1
S11, Trade, 684.150, 107, S11, B11, 1
S11, Trade, 701.500, 107, S11, B16, 1
S11, Trade, 706.375, 108, S11, B19, 1
S11, Trade, 712.075, 107, S11, B19, 1
S11, Trade, 717.200, 107, S11, B11, 1
S11, Trade, 720.075, 107, S11, B16, 1
S11, Trade, 724.225, 107, S11, B16, 1
S11, Trade, 734.200, 107, S11, B19, 1
S11, Trade, 741.700, 107, S11, B16, 1
S11, Trade, 759.375, 107, B11, S11, 1
S11, Trade, 769.200, 109, S11, B19, 1
S11, Trade, 770.950, 107, S11, B16, 1
S11, Trade, 780.050, 107, S11, B19, 1
S11, Trade, 782.000, 107, S11, B19, 1
S11, Trade, 790.925, 107, S11, B19, 1
S11, Trade, 800.700, 107, S11, B16, 1
S11, Trade, 816.725, 107, S11, B11, 1
S11, Trade, 818.500, 107, S11, B19, 1
S11, Trade, 825.550, 110, S11, B19, 1
S11, Trade, 851.525, 108, S11, B19, 1
S12, 9
S12, Trade, 38.925, 113, S12, B19, 1
S12, Trade, 71.650, 113, S12, B19, 1
S12, Trade, 118.400, 113, S12, B16, 1
S12, Trade, 147.700, 113, S12, B16, 1
S12, Trade, 183.725, 113, S12, B19, 1
S12, Trade, 193.550, 113, S12, B19, 1
S12, Trade, 547.050, 113, S12, B19, 1
S12, Trade, 558.050, 113, S12, B19, 1
S12, Trade, 666.950, 113, S12, B19, 1
S13, 2
S13, Trade, 272.675, 118, S13, B19, 1
S13, Trade, 319.575, 118, S13, B16, 1
S14, 0
S15, 0
S16, 0
S17, 0
S18, 0
S19, 0
